ticker,dir,setup_date,fill_date,exit_date,exit_type,entry_px,exit_px,stop_px,hold_sessions,gross_bps,risk_bps,r_multiple,penetration_bps,asset_class
TLT,long,2007-04-13,2007-04-16,2007-04-19,time_moc,48.2665,48.8077,48.0412,3,112.128,46.694,2.401,13.729,bond
GLD,short,2007-04-20,2007-04-23,2007-04-26,time_moc,68.41,66.87,68.74,3,225.113,48.239,4.667,33.621,commodity
DBC,short,2007-04-25,2007-04-26,2007-05-01,time_moc,20.8569,20.8082,21.0862,3,23.364,109.935,0.213,50.623,commodity
GLD,long,2007-05-10,2007-05-11,2007-05-16,stop,66.13,65.79,65.79,3,-51.413,51.413,-1.0,46.877,commodity
UUP,short,2007-05-17,2007-05-18,2007-05-21,stop_gap,20.4487,20.5081,20.4934,1,-29.037,21.854,-1.329,12.073,dollar
UUP,short,2007-05-30,2007-05-31,2007-06-05,time_moc,20.4751,20.3764,20.5592,3,48.231,41.058,1.175,12.057,dollar
TLT,long,2007-06-05,2007-06-06,2007-06-06,stop_samebar,47.5832,47.4997,47.4997,0,-17.553,17.553,-1.0,13.35,bond
SPY,long,2007-06-07,2007-06-08,2007-06-13,time_moc,105.0263,106.6482,104.6511,3,154.432,35.716,4.324,14.04,equity
GLD,long,2007-06-08,2007-06-11,2007-06-14,time_moc,64.53,64.6,63.73,3,10.848,123.973,0.088,120.873,commodity
UUP,long,2007-06-20,2007-06-21,2007-06-26,time_moc,20.6562,20.5657,19.8068,3,-43.825,411.216,-0.107,155.378,dollar
SPY,long,2007-06-26,2007-06-27,2007-06-27,stop_samebar,104.6711,104.5522,104.5522,0,-11.363,11.363,-1.0,9.452,equity
GLD,long,2007-06-26,2007-06-27,2007-07-02,time_moc,63.75,65.02,63.38,3,199.215,58.04,3.432,54.902,commodity
EEM,short,2007-07-23,2007-07-24,2007-07-27,time_moc,31.8771,29.2428,32.1648,3,826.374,90.276,9.154,84.001,equity
SPY,long,2007-07-26,2007-07-27,2007-07-27,stop_samebar,104.5128,103.2194,103.2194,0,-123.756,123.756,-1.0,112.678,equity
EFA,long,2007-08-10,2007-08-13,2007-08-14,stop,43.3518,42.4698,42.4698,1,-203.441,203.441,-1.0,197.266,equity
SPY,long,2007-08-15,2007-08-16,2007-08-16,stop_samebar,100.5175,99.1506,99.1506,0,-135.984,135.984,-1.0,133.994,equity
GLD,long,2007-08-16,2007-08-17,2007-08-22,time_moc,64.74,65.4,63.46,3,101.946,197.714,0.516,194.625,commodity
DBC,short,2007-09-12,2007-09-13,2007-09-13,stop_samebar,21.4236,21.6629,21.6629,0,-111.695,111.695,-1.0,102.359,commodity
EFA,short,2007-10-05,2007-10-08,2007-10-08,stop_samebar,46.18,47.2073,47.2073,0,-222.451,222.451,-1.0,59.308,equity
SPY,long,2007-10-19,2007-10-22,2007-10-22,stop_samebar,106.6199,106.026,106.026,0,-55.702,55.702,-1.0,53.826,equity
DBC,short,2007-10-18,2007-10-19,2007-10-24,time_moc,23.5047,23.3341,23.5878,3,72.564,35.353,2.053,13.822,commodity
IEF,short,2007-11-02,2007-11-05,2007-11-08,stop,53.9106,54.1018,54.1018,3,-35.473,35.473,-1.0,31.763,bond
EEM,long,2007-11-12,2007-11-13,2007-11-16,time_moc,33.6722,34.3193,32.3501,3,192.18,392.632,0.489,263.088,equity
EFA,long,2007-11-12,2007-11-13,2007-11-16,time_moc,45.554,45.4534,44.8733,3,-22.086,149.434,-0.148,123.926,equity
EFA,long,2007-11-19,2007-11-20,2007-11-26,time_moc,44.8933,44.6206,43.5877,3,-60.745,290.817,-0.209,286.362,equity
EEM,long,2007-11-21,2007-11-23,2007-11-26,stop,32.523,31.7253,31.7253,1,-245.27,245.27,-1.0,192.11,equity
EEM,short,2007-12-06,2007-12-07,2007-12-12,time_moc,35.8401,35.2342,36.1926,3,169.049,98.349,1.719,92.768,equity
DBC,short,2007-12-12,2007-12-13,2007-12-17,stop_gap,25.8013,26.2594,26.1462,2,-177.576,133.666,-1.329,125.914,commodity
TLT,long,2007-12-14,2007-12-17,2007-12-20,time_moc,51.9115,53.0287,51.5766,3,215.219,64.516,3.336,27.451,bond
TLT,long,2007-12-26,2007-12-27,2008-01-02,time_moc,52.0114,54.0144,51.4512,3,385.123,107.706,3.576,24.111,bond
TLT,short,2008-01-15,2008-01-16,2008-01-16,stop_samebar,54.531,54.7398,54.7398,0,-38.301,38.301,-1.0,34.633,bond
SPY,long,2008-01-16,2008-01-17,2008-01-17,stop_samebar,98.1583,97.0585,97.0585,0,-112.041,112.041,-1.0,103.04,equity
TLT,long,2008-02-07,2008-02-08,2008-02-13,time_moc,53.5532,53.1455,52.8541,3,-76.139,130.553,-0.583,100.463,bond
TLT,long,2008-02-14,2008-02-15,2008-02-19,stop,52.8741,52.0558,52.0558,1,-154.759,154.759,-1.0,150.976,bond
EFA,short,2008-02-26,2008-02-27,2008-02-27,stop_samebar,42.075,42.5665,42.5665,0,-116.818,116.818,-1.0,94.005,equity
TLT,short,2008-03-12,2008-03-13,2008-03-13,stop_samebar,54.2893,54.586,54.586,0,-54.649,54.649,-1.0,50.965,bond
GLD,short,2008-03-13,2008-03-14,2008-03-14,stop_samebar,98.03,98.74,98.74,0,-72.427,72.427,-1.0,59.166,commodity
EEM,long,2008-03-17,2008-03-18,2008-03-20,stop,29.505,28.209,28.209,2,-439.238,439.238,-1.0,372.272,equity
EFA,long,2008-03-17,2008-03-18,2008-03-20,stop,40.1547,38.9008,38.9008,2,-312.27,312.27,-1.0,155.604,equity
DBC,short,2008-04-16,2008-04-17,2008-04-17,stop_samebar,32.2754,32.5617,32.5617,0,-88.718,88.718,-1.0,82.521,commodity
EEM,short,2008-04-16,2008-04-17,2008-04-18,stop_gap,32.4136,32.938,32.9163,1,-161.763,155.086,-1.043,73.211,equity
GLD,long,2008-04-29,2008-04-30,2008-04-30,stop_samebar,86.1,85.53,85.53,0,-66.202,66.202,-1.0,59.234,commodity
TLT,long,2008-05-06,2008-05-07,2008-05-07,stop_samebar,52.9252,52.7366,52.7366,0,-35.628,35.628,-1.0,31.849,bond
SPY,short,2008-05-15,2008-05-16,2008-05-16,stop_samebar,101.8983,102.1044,102.1044,0,-20.227,20.227,-1.0,18.265,equity
UUP,long,2008-05-21,2008-05-22,2008-05-28,time_moc,18.5731,18.7208,18.4867,3,79.505,46.511,1.709,35.743,dollar
SPY,long,2008-05-23,2008-05-27,2008-05-30,time_moc,98.7259,100.4624,98.4267,3,175.896,30.302,5.805,28.276,equity
EEM,long,2008-06-04,2008-06-05,2008-06-06,stop,33.173,32.8172,32.8172,1,-107.252,107.252,-1.0,59.273,equity
IEF,long,2008-06-12,2008-06-13,2008-06-13,stop_samebar,55.9492,55.8059,55.8059,0,-25.615,25.615,-1.0,22.041,bond
UUP,short,2008-07-29,2008-07-30,2008-07-30,stop_samebar,18.8602,18.9051,18.9051,0,-23.804,23.804,-1.0,13.2,dollar
GLD,long,2008-07-30,2008-07-31,2008-08-04,stop,91.05,88.07,88.07,2,-327.293,327.293,-1.0,203.185,commodity
EEM,long,2008-08-04,2008-08-05,2008-08-07,stop,28.4861,28.0797,28.0797,2,-142.641,142.641,-1.0,135.62,equity
UUP,short,2008-08-15,2008-08-18,2008-08-21,time_moc,19.8228,19.5423,19.876,3,141.473,26.835,5.272,16.745,dollar
GLD,long,2008-09-09,2008-09-10,2008-09-10,stop_samebar,76.88,76.23,76.23,0,-84.547,84.547,-1.0,48.127,commodity
GLD,short,2008-09-17,2008-09-18,2008-09-18,stop_samebar,84.53,85.61,85.61,0,-127.765,127.765,-1.0,125.399,commodity
SPY,long,2008-09-29,2008-09-30,2008-09-30,stop_samebar,82.1294,80.2816,80.2816,0,-224.986,224.986,-1.0,191.621,equity
EFA,long,2008-09-29,2008-09-30,2008-10-03,time_moc,32.2645,31.0905,30.5723,3,-363.867,524.461,-0.694,450.76,equity
DBC,long,2008-10-02,2008-10-03,2008-10-03,stop_samebar,26.3943,26.0164,26.0164,0,-143.173,143.173,-1.0,135.595,commodity
UUP,short,2008-10-02,2008-10-03,2008-10-08,time_moc,20.5945,20.5962,21.1456,3,-0.826,267.589,-0.003,257.878,dollar
EEM,long,2008-10-22,2008-10-23,2008-10-23,stop_samebar,15.2618,14.4875,14.4875,0,-507.385,507.385,-1.0,494.28,equity
TLT,long,2008-10-31,2008-11-03,2008-11-06,time_moc,55.041,56.3232,54.7702,3,232.959,49.194,4.736,39.746,bond
SPY,long,2008-11-19,2008-11-20,2008-11-20,stop_samebar,59.4057,58.5391,58.5391,0,-145.869,145.869,-1.0,142.502,equity
EEM,long,2008-11-20,2008-11-21,2008-11-26,time_moc,13.7431,16.0474,12.485,3,1676.646,915.461,1.831,469.062,equity
EFA,long,2008-11-20,2008-11-21,2008-11-26,time_moc,22.0256,24.3853,20.7423,3,1071.334,582.636,1.839,522.408,equity
EEM,short,2008-12-10,2008-12-11,2008-12-11,stop_samebar,16.9495,17.2369,17.2369,0,-169.597,169.597,-1.0,157.797,equity
IEF,short,2008-12-15,2008-12-16,2008-12-16,stop_samebar,64.1087,64.4268,64.4268,0,-49.619,49.619,-1.0,46.499,bond
EEM,short,2009-01-02,2009-01-05,2009-01-05,stop_samebar,18.0814,18.3487,18.3487,0,-147.839,147.839,-1.0,106.674,equity
EFA,short,2009-01-02,2009-01-05,2009-01-08,time_moc,26.4346,26.6593,26.9947,3,-85.03,211.883,-0.401,90.691,equity
GLD,short,2009-01-30,2009-02-02,2009-02-02,stop_samebar,89.88,91.5,91.5,0,-180.24,180.24,-1.0,144.637,commodity
SPY,long,2009-02-20,2009-02-23,2009-02-23,stop_samebar,57.0915,55.2579,55.2579,0,-321.159,321.159,-1.0,250.416,equity
EEM,long,2009-02-23,2009-02-24,2009-02-27,time_moc,14.7364,14.7642,14.5595,3,18.876,120.047,0.157,66.069,equity
DBC,long,2009-03-02,2009-03-03,2009-03-03,stop_samebar,15.4461,15.2417,15.2417,0,-132.363,132.363,-1.0,60.207,commodity
SPY,short,2009-04-02,2009-04-03,2009-04-08,time_moc,61.1853,60.6297,62.1677,3,90.818,160.557,0.566,157.288,equity
GLD,long,2009-04-06,2009-04-07,2009-04-13,time_moc,86.84,87.88,84.96,3,119.76,216.49,0.553,214.187,commodity
SPY,short,2009-04-09,2009-04-13,2009-04-13,stop_samebar,62.1477,63.0566,63.0566,0,-146.25,146.25,-1.0,143.032,equity
EFA,short,2009-04-24,2009-04-27,2009-04-29,stop,24.1868,24.7292,24.7292,2,-224.238,224.238,-1.0,95.378,equity
DBC,short,2009-05-20,2009-05-21,2009-05-26,stop,18.439,18.821,18.821,2,-207.166,207.166,-1.0,137.551,commodity
TLT,long,2009-06-05,2009-06-08,2009-06-08,stop_samebar,54.8289,54.2973,54.2973,0,-96.946,96.946,-1.0,42.889,bond
EEM,long,2009-06-22,2009-06-23,2009-06-23,stop_samebar,21.4256,21.2565,21.2565,0,-78.894,78.894,-1.0,64.917,equity
EFA,long,2009-07-07,2009-07-08,2009-07-08,stop_samebar,26.7817,26.6359,26.6359,0,-54.457,54.457,-1.0,46.989,equity
GLD,long,2009-07-08,2009-07-09,2009-07-14,time_moc,89.96,90.81,88.81,3,94.487,127.834,0.739,125.611,commodity
TLT,short,2009-07-08,2009-07-09,2009-07-14,time_moc,57.8268,57.2501,58.9088,3,99.74,187.109,0.533,183.65,bond
SPY,short,2009-07-15,2009-07-16,2009-07-16,stop_samebar,68.7072,69.094,69.094,0,-56.294,56.294,-1.0,30.107,equity
EFA,short,2009-07-16,2009-07-17,2009-07-20,stop_gap,28.2044,28.742,28.4742,1,-190.62,95.642,-1.993,29.985,equity
GLD,short,2009-07-20,2009-07-21,2009-07-22,stop,92.99,93.81,93.81,1,-88.182,88.182,-1.0,86.031,commodity
TLT,short,2009-08-17,2009-08-18,2009-08-18,stop_samebar,57.7025,57.8495,57.8495,0,-25.488,25.488,-1.0,22.022,bond
IEF,short,2009-08-17,2009-08-18,2009-08-19,stop_gap,61.7897,62.0199,61.8535,1,-37.251,10.326,-3.608,7.089,bond
SPY,short,2009-09-10,2009-09-11,2009-09-11,stop_samebar,77.0825,77.4793,77.4793,0,-51.475,51.475,-1.0,48.881,equity
UUP,long,2009-10-08,2009-10-09,2009-10-14,stop_gap,18.9051,18.7464,18.7782,3,-83.959,67.154,-1.25,22.095,dollar
TLT,long,2009-10-15,2009-10-16,2009-10-21,time_moc,58.4753,59.0589,57.9616,3,99.8,87.854,1.136,52.932,bond
TLT,long,2009-10-26,2009-10-27,2009-10-30,time_moc,57.9816,58.8378,57.4579,3,147.661,90.326,1.635,86.877,bond
UUP,long,2009-11-16,2009-11-17,2009-11-20,time_moc,18.6712,18.7464,18.4941,3,40.269,94.842,0.425,44.743,dollar
UUP,long,2009-11-25,2009-11-27,2009-12-02,time_moc,18.713,18.4958,18.3855,3,-116.072,174.986,-0.663,58.035,dollar
TLT,long,2009-12-10,2009-12-11,2009-12-11,stop_samebar,56.9854,56.8378,56.8378,0,-25.889,25.889,-1.0,22.38,bond
GLD,long,2009-12-17,2009-12-18,2009-12-18,stop_samebar,108.73,107.27,107.27,0,-134.278,134.278,-1.0,132.438,commodity
GLD,short,2010-01-11,2010-01-12,2010-01-15,time_moc,111.9,110.86,113.6,3,92.94,151.921,0.612,150.133,commodity
EEM,long,2010-01-22,2010-01-25,2010-01-26,stop_gap,28.3706,27.6636,27.9364,1,-249.19,153.039,-1.628,136.647,equity
TLT,short,2010-01-21,2010-01-22,2010-01-27,time_moc,56.9924,56.8087,57.3336,3,32.24,59.874,0.538,56.364,bond
IEF,short,2010-02-04,2010-02-05,2010-02-05,stop_samebar,62.7073,62.7866,62.7866,0,-12.645,12.645,-1.0,8.881,bond
GLD,long,2010-03-24,2010-03-25,2010-03-30,time_moc,107.0,107.97,106.23,3,90.654,71.963,1.26,33.645,commodity
IEF,long,2010-04-05,2010-04-06,2010-04-09,time_moc,61.7261,62.0666,61.3946,3,55.171,53.695,1.027,50.455,bond
SPY,short,2010-04-23,2010-04-26,2010-04-26,stop_samebar,91.0917,91.329,91.329,0,-26.053,26.053,-1.0,23.857,equity
GLD,short,2010-04-27,2010-04-28,2010-04-28,stop_samebar,114.03,114.83,114.83,0,-70.157,70.157,-1.0,60.511,commodity
SPY,long,2010-05-04,2010-05-05,2010-05-05,stop_samebar,88.1366,87.6071,87.6071,0,-60.086,60.086,-1.0,57.817,equity
EEM,long,2010-05-20,2010-05-21,2010-05-21,stop_samebar,25.8709,25.4408,25.4408,0,-166.226,166.226,-1.0,158.496,equity
IEF,short,2010-06-07,2010-06-08,2010-06-11,time_moc,65.6594,65.4632,65.8797,3,29.889,33.547,0.891,3.534,bond
EEM,short,2010-06-15,2010-06-16,2010-06-16,stop_samebar,27.9323,28.2816,28.2816,0,-125.069,125.069,-1.0,50.62,equity
EFA,short,2010-06-15,2010-06-16,2010-06-18,stop,30.5702,30.9825,30.9825,2,-134.876,134.876,-1.0,35.892,equity
GLD,short,2010-06-18,2010-06-21,2010-06-24,time_moc,122.44,121.3,123.51,3,93.106,87.39,1.065,85.757,commodity
GLD,long,2010-07-01,2010-07-02,2010-07-06,stop,118.21,116.97,116.97,1,-104.898,104.898,-1.0,5.922,commodity
EFA,short,2010-07-13,2010-07-14,2010-07-14,stop_samebar,31.3655,31.5864,31.5864,0,-70.422,70.422,-1.0,60.373,equity
IEF,short,2010-07-16,2010-07-19,2010-07-20,stop,67.2636,67.4141,67.4141,1,-22.381,22.381,-1.0,8.358,bond
EFA,short,2010-07-23,2010-07-26,2010-07-26,stop_samebar,31.8145,32.0144,32.0144,0,-62.823,62.823,-1.0,56.536,equity
DBC,short,2010-07-22,2010-07-23,2010-07-28,time_moc,18.9193,18.8279,19.0915,3,48.338,91.007,0.531,80.436,commodity
UUP,long,2010-07-26,2010-07-27,2010-07-28,stop,19.9928,19.906,19.906,1,-43.432,43.432,-1.0,33.428,dollar
DBC,short,2010-07-29,2010-07-30,2010-07-30,stop_samebar,19.0139,19.1845,19.1845,0,-89.742,89.742,-1.0,48.911,commodity
SPY,short,2010-08-02,2010-08-03,2010-08-04,stop,84.5378,85.0472,85.0472,1,-60.259,60.259,-1.0,57.893,equity
IEF,short,2010-08-03,2010-08-04,2010-08-05,stop,67.7385,67.8312,67.8312,1,-13.698,13.698,-1.0,10.746,bond
GLD,short,2010-08-12,2010-08-13,2010-08-13,stop_samebar,118.69,118.87,118.87,0,-15.166,15.166,-1.0,13.481,commodity
EFA,long,2010-08-20,2010-08-23,2010-08-24,stop_gap,31.3593,30.7205,31.002,1,-203.719,113.949,-1.788,98.892,equity
IEF,short,2010-08-24,2010-08-25,2010-08-25,stop_samebar,69.6079,70.0365,70.0365,0,-61.58,61.58,-1.0,58.707,bond
GLD,short,2010-08-25,2010-08-26,2010-08-26,stop_samebar,120.98,121.39,121.39,0,-33.89,33.89,-1.0,32.237,commodity
EEM,short,2010-09-20,2010-09-21,2010-09-21,stop_samebar,30.968,31.1446,31.1446,0,-57.015,57.015,-1.0,50.556,equity
EFA,short,2010-09-20,2010-09-21,2010-09-21,stop_samebar,33.6938,33.9123,33.9123,0,-64.842,64.842,-1.0,58.906,equity
DBC,short,2010-09-24,2010-09-27,2010-09-29,stop,20.0184,20.1821,20.1821,2,-81.787,81.787,-1.0,71.796,commodity
TLT,long,2010-10-15,2010-10-18,2010-10-21,time_moc,64.7182,64.3984,63.8704,3,-49.407,130.992,-0.377,104.107,bond
IEF,long,2010-10-27,2010-10-28,2010-11-02,time_moc,69.512,70.045,69.1957,3,76.676,45.495,1.685,42.618,bond
EEM,short,2010-11-02,2010-11-03,2010-11-03,stop_samebar,33.4588,33.6354,33.6354,0,-52.77,52.77,-1.0,46.793,equity
IEF,long,2010-11-15,2010-11-16,2010-11-16,stop_samebar,69.2157,68.6582,68.6582,0,-80.549,80.549,-1.0,77.659,bond
EFA,long,2010-11-16,2010-11-17,2010-11-22,time_moc,34.9505,35.4467,34.5994,3,141.97,100.465,1.413,47.915,equity
UUP,short,2010-11-23,2010-11-24,2010-11-24,stop_samebar,19.1959,19.2743,19.2743,0,-40.883,40.883,-1.0,30.464,dollar
EFA,long,2010-11-23,2010-11-24,2010-11-26,stop,34.7086,34.283,34.283,1,-122.609,122.609,-1.0,91.136,equity
EEM,long,2010-11-23,2010-11-24,2010-11-29,stop,32.4725,31.8718,31.8718,2,-184.978,184.978,-1.0,48.214,equity
UUP,long,2010-12-31,2011-01-03,2011-01-06,time_moc,19.0638,19.4565,18.9536,3,205.96,57.831,3.561,43.821,dollar
UUP,short,2011-01-07,2011-01-10,2011-01-10,stop_samebar,19.4715,19.5333,19.5333,0,-31.724,31.724,-1.0,21.452,dollar
IEF,short,2011-01-10,2011-01-11,2011-01-14,stop_gap,67.0791,67.286,67.1747,3,-30.838,14.252,-2.164,1.064,bond
EFA,short,2011-01-13,2011-01-14,2011-01-18,stop_gap,36.8885,37.3831,37.2679,1,-134.08,102.847,-1.304,89.952,equity
GLD,long,2011-01-14,2011-01-18,2011-01-20,stop_gap,133.63,131.76,132.21,2,-139.939,106.264,-1.317,47.893,commodity
EFA,short,2011-01-26,2011-01-27,2011-01-27,stop_samebar,37.5985,37.7249,37.7249,0,-33.628,33.628,-1.0,28.308,equity
SPY,short,2011-01-26,2011-01-27,2011-01-27,stop_samebar,98.64,98.972,98.972,0,-33.657,33.657,-1.0,31.63,equity
EEM,long,2011-02-10,2011-02-11,2011-02-16,time_moc,32.4818,32.9167,32.0671,3,133.896,127.667,1.049,121.509,equity
EFA,short,2011-02-16,2011-02-17,2011-02-17,stop_samebar,38.4161,38.5513,38.5513,0,-35.198,35.198,-1.0,26.076,equity
EFA,short,2011-04-06,2011-04-07,2011-04-08,stop_gap,38.1469,38.5037,38.3009,1,-93.55,40.37,-2.317,27.901,equity
IEF,short,2011-04-26,2011-04-27,2011-04-28,stop,67.4372,67.7015,67.7015,1,-39.2,39.2,-1.0,36.234,bond
TLT,short,2011-04-26,2011-04-27,2011-04-29,stop,60.9088,61.3142,61.3142,2,-66.545,66.545,-1.0,63.261,bond
IEF,short,2011-05-13,2011-05-16,2011-05-17,stop_gap,68.7192,69.0463,68.9698,1,-47.589,36.462,-1.305,33.551,bond
SPY,long,2011-05-23,2011-05-24,2011-05-25,stop_gap,101.2185,100.4389,100.5588,1,-77.016,65.168,-1.182,40.018,equity
EEM,long,2011-05-23,2011-05-24,2011-05-27,time_moc,33.376,34.2658,32.8349,3,266.61,162.101,1.645,135.455,equity
UUP,short,2011-05-23,2011-05-24,2011-05-27,time_moc,18.1683,17.911,18.2719,3,141.636,56.99,2.485,45.981,dollar
EEM,long,2011-06-16,2011-06-17,2011-06-22,time_moc,33.0602,33.0792,32.5479,3,5.732,154.968,0.037,86.825,equity
IEF,short,2011-06-16,2011-06-17,2011-06-22,time_moc,70.2902,70.1602,70.5602,3,18.498,38.418,0.481,26.718,bond
TLT,long,2011-06-28,2011-06-29,2011-06-29,stop_samebar,62.6242,62.3409,62.3409,0,-45.239,45.239,-1.0,42.046,bond
IEF,long,2011-06-29,2011-06-30,2011-06-30,stop_samebar,69.6329,69.4278,69.4278,0,-29.445,29.445,-1.0,7.261,bond
EFA,short,2011-06-30,2011-07-01,2011-07-01,stop_samebar,38.3265,38.5152,38.5152,0,-49.237,49.237,-1.0,36.315,equity
GLD,long,2011-07-01,2011-07-05,2011-07-08,time_moc,146.96,150.25,143.96,3,223.87,204.138,1.097,83.696,commodity
UUP,short,2011-07-11,2011-07-12,2011-07-15,time_moc,18.1015,17.9026,18.1716,3,109.853,38.739,2.836,27.69,dollar
DBC,short,2011-07-13,2011-07-14,2011-07-19,stop_gap,25.6659,25.9127,25.8888,3,-96.128,86.848,-1.107,79.056,commodity
IEF,short,2011-07-19,2011-07-20,2011-07-25,time_moc,70.7496,70.2645,70.9696,3,68.57,31.093,2.205,4.77,bond
SPY,long,2011-07-29,2011-08-01,2011-08-01,stop_samebar,100.4914,98.2771,98.2771,0,-220.347,220.347,-1.0,126.873,equity
TLT,short,2011-07-29,2011-08-01,2011-08-01,stop_samebar,64.5415,65.0902,65.0902,0,-85.026,85.026,-1.0,64.473,bond
EFA,long,2011-08-02,2011-08-03,2011-08-03,stop_samebar,36.2941,36.006,36.006,0,-79.368,79.368,-1.0,73.858,equity
IEF,short,2011-08-18,2011-08-19,2011-08-24,time_moc,75.302,74.3103,76.0188,3,131.689,95.189,1.383,92.533,bond
DBC,short,2011-08-31,2011-09-01,2011-09-07,time_moc,25.4392,25.3293,25.5929,3,43.204,60.428,0.715,39.881,commodity
DBC,long,2011-09-19,2011-09-20,2011-09-21,stop,24.2825,23.8313,23.8313,1,-185.801,185.801,-1.0,177.565,commodity
SPY,long,2011-09-22,2011-09-23,2011-09-28,time_moc,87.4523,88.8906,85.916,3,164.467,175.668,0.936,173.381,equity
EEM,long,2011-10-03,2011-10-04,2011-10-04,stop_samebar,25.1673,24.8429,24.8429,0,-128.901,128.901,-1.0,120.954,equity
SPY,long,2011-10-03,2011-10-04,2011-10-04,stop_samebar,85.936,84.7657,84.7657,0,-136.185,136.185,-1.0,133.857,equity
TLT,short,2011-10-03,2011-10-04,2011-10-04,stop_samebar,82.3278,82.5169,82.5169,0,-22.971,22.971,-1.0,20.541,bond
EFA,short,2011-10-12,2011-10-13,2011-10-14,stop,32.6234,33.1986,33.1986,1,-176.337,176.337,-1.0,170.206,equity
UUP,long,2011-10-14,2011-10-17,2011-10-20,time_moc,18.1616,18.1616,18.0514,3,0.0,60.703,0.0,32.199,dollar
TLT,long,2011-10-21,2011-10-24,2011-10-24,stop_samebar,75.9229,75.3798,75.3798,0,-71.536,71.536,-1.0,30.721,bond
EEM,short,2011-10-24,2011-10-25,2011-10-27,stop_gap,28.7785,30.5062,29.3638,2,-600.359,203.392,-2.952,196.443,equity
EFA,short,2011-10-24,2011-10-25,2011-10-27,stop_gap,33.3127,35.1417,33.805,2,-549.039,147.782,-3.715,141.778,equity
IEF,long,2011-10-27,2011-10-28,2011-11-02,time_moc,74.3952,76.1718,73.8723,3,238.8,70.293,3.397,67.605,bond
GLD,short,2011-11-03,2011-11-04,2011-11-07,stop_gap,170.28,172.85,172.05,1,-150.929,103.946,-1.452,102.772,commodity
DBC,short,2011-11-08,2011-11-09,2011-11-14,time_moc,23.7906,23.5454,24.1472,3,103.056,149.903,0.687,35.536,commodity
EFA,long,2011-11-09,2011-11-10,2011-11-15,time_moc,32.5185,32.3844,31.7936,3,-41.217,222.898,-0.185,45.142,equity
UUP,short,2011-11-09,2011-11-10,2011-11-15,stop,18.2786,18.3972,18.3972,3,-64.886,64.886,-1.0,45.704,dollar
EFA,long,2011-11-16,2011-11-17,2011-11-17,stop_samebar,31.9185,31.7426,31.7426,0,-55.122,55.122,-1.0,15.997,equity
GLD,long,2011-12-12,2011-12-13,2011-12-13,stop_samebar,162.08,161.13,161.13,0,-58.614,58.614,-1.0,57.38,commodity
IEF,short,2011-12-14,2011-12-15,2011-12-16,stop_gap,76.8748,77.1529,77.1263,1,-36.173,32.714,-1.106,14.559,bond
TLT,short,2011-12-19,2011-12-20,2011-12-23,time_moc,82.1541,79.2138,83.075,3,357.9,112.092,3.193,103.759,bond
SPY,short,2011-12-27,2011-12-28,2012-01-03,stop_gap,98.2375,99.259,98.5387,3,-103.989,30.666,-3.391,28.63,equity
SPY,short,2012-01-03,2012-01-04,2012-01-09,time_moc,98.5187,99.461,99.7507,3,-95.647,125.052,-0.765,123.022,equity
UUP,short,2012-01-06,2012-01-09,2012-01-12,time_moc,18.9385,18.855,19.0321,3,44.111,49.392,0.893,30.878,dollar
EEM,short,2012-01-10,2012-01-11,2012-01-12,stop,28.7058,29.0451,29.0451,1,-118.192,118.192,-1.0,104.512,equity
UUP,long,2012-01-23,2012-01-24,2012-01-25,stop,18.6796,18.5442,18.5442,1,-72.438,72.438,-1.0,13.417,dollar
IEF,short,2012-01-30,2012-01-31,2012-01-31,stop_samebar,77.6592,77.9478,77.9478,0,-37.16,37.16,-1.0,25.488,bond
DBC,short,2012-02-03,2012-02-06,2012-02-06,stop_samebar,23.8821,23.9612,23.9612,0,-33.155,33.155,-1.0,24.78,commodity
UUP,long,2012-02-07,2012-02-08,2012-02-09,stop,18.3303,18.2686,18.2686,1,-33.699,33.699,-1.0,22.788,dollar
EEM,short,2012-02-24,2012-02-27,2012-02-28,stop,31.8815,32.3964,32.3964,1,-161.502,161.502,-1.0,36.722,equity
UUP,long,2012-02-24,2012-02-27,2012-02-29,stop_gap,18.2953,18.1867,18.1934,2,-59.36,55.694,-1.066,22.831,dollar
GLD,long,2012-02-29,2012-03-01,2012-03-06,stop_gap,166.18,162.15,163.99,3,-242.508,131.785,-1.84,130.581,commodity
DBC,short,2012-03-01,2012-03-02,2012-03-07,time_moc,24.9996,24.5092,25.3139,3,196.145,125.745,1.56,64.254,commodity
EEM,long,2012-03-06,2012-03-07,2012-03-12,time_moc,31.2842,31.6913,30.8837,3,130.125,128.02,1.016,121.627,equity
EFA,long,2012-03-06,2012-03-07,2012-03-12,time_moc,34.3147,35.0216,33.9588,3,206.025,103.71,1.987,97.882,equity
GLD,long,2012-03-06,2012-03-07,2012-03-12,time_moc,164.01,165.07,161.77,3,64.631,136.577,0.473,135.358,commodity
SPY,short,2012-03-26,2012-03-27,2012-03-27,stop_samebar,110.234,110.5115,110.5115,0,-25.174,25.174,-1.0,23.36,equity
DBC,long,2012-03-29,2012-03-30,2012-04-04,time_moc,24.2994,24.1711,23.9582,3,-52.825,140.442,-0.376,132.211,commodity
SPY,short,2012-04-02,2012-04-03,2012-04-09,time_moc,110.5249,107.8562,110.9797,3,241.457,41.148,5.868,26.829,equity
GLD,long,2012-04-04,2012-04-05,2012-04-11,time_moc,158.14,161.07,156.57,3,185.279,99.279,1.866,98.015,commodity
EEM,long,2012-04-10,2012-04-11,2012-04-16,time_moc,30.6769,30.6961,30.1154,3,6.282,183.031,0.034,176.512,equity
SPY,long,2012-04-10,2012-04-11,2012-04-16,time_moc,107.1305,106.9432,105.9266,3,-17.481,112.376,-0.156,53.306,equity
TLT,short,2012-04-10,2012-04-11,2012-04-16,stop,78.3154,79.3948,79.3948,3,-137.825,137.825,-1.0,92.574,bond
DBC,long,2012-04-16,2012-04-17,2012-04-18,stop,23.8244,23.6453,23.6453,1,-75.17,75.17,-1.0,60.326,commodity
IEF,short,2012-04-23,2012-04-24,2012-04-27,time_moc,77.6728,77.8154,77.9138,3,-18.364,31.036,-0.592,28.462,bond
TLT,short,2012-04-23,2012-04-24,2012-04-27,time_moc,79.5846,79.3848,80.1528,3,25.107,71.4,0.352,68.887,bond
TLT,short,2012-05-04,2012-05-07,2012-05-07,stop_samebar,80.1328,80.1974,80.1974,0,-8.052,8.052,-1.0,5.557,bond
EFA,long,2012-05-30,2012-05-31,2012-05-31,stop_samebar,30.8555,30.6775,30.6775,0,-57.669,57.669,-1.0,35.588,equity
EEM,long,2012-06-01,2012-06-04,2012-06-04,stop_samebar,26.8911,26.8006,26.8006,0,-33.651,33.651,-1.0,13.605,equity
EEM,short,2012-06-15,2012-06-18,2012-06-18,stop_samebar,28.3473,28.5475,28.5475,0,-70.641,70.641,-1.0,20.651,equity
SPY,short,2012-06-15,2012-06-18,2012-06-18,stop_samebar,104.7483,105.3189,105.3189,0,-54.477,54.477,-1.0,52.568,equity
DBC,short,2012-06-29,2012-07-02,2012-07-03,stop_gap,21.5909,22.1927,21.8815,1,-278.731,134.566,-2.071,125.303,commodity
EEM,short,2012-07-03,2012-07-05,2012-07-10,time_moc,29.2227,28.2867,29.5703,3,320.292,118.969,2.692,112.125,equity
UUP,short,2012-07-06,2012-07-09,2012-07-10,stop,19.129,19.1992,19.1992,1,-36.658,36.658,-1.0,26.203,dollar
IEF,short,2012-07-23,2012-07-24,2012-07-24,stop_samebar,81.021,81.2753,81.2753,0,-31.387,31.387,-1.0,21.016,bond
TLT,short,2012-07-23,2012-07-24,2012-07-24,stop_samebar,88.8109,89.5636,89.5636,0,-84.747,84.747,-1.0,63.675,bond
UUP,long,2012-08-03,2012-08-06,2012-08-06,stop_samebar,18.9151,18.8868,18.8868,0,-14.989,14.989,-1.0,4.416,dollar
UUP,long,2012-08-31,2012-09-04,2012-09-07,stop_gap,18.6394,18.4373,18.561,3,-108.448,42.103,-2.576,31.373,dollar
EFA,short,2012-09-07,2012-09-10,2012-09-11,stop,34.9683,35.3055,35.3055,1,-96.449,96.449,-1.0,90.73,equity
DBC,long,2012-09-19,2012-09-20,2012-09-25,time_moc,23.9359,23.9766,23.8229,3,17.015,47.208,0.36,38.853,commodity
DBC,long,2012-09-26,2012-09-27,2012-10-02,time_moc,24.002,24.1542,23.62,3,63.403,159.15,0.398,84.537,commodity
EFA,long,2012-10-10,2012-10-11,2012-10-16,time_moc,35.3087,36.0755,34.8361,3,217.148,133.869,1.622,35.567,equity
SPY,long,2012-10-12,2012-10-15,2012-10-18,time_moc,112.9444,114.9868,112.4219,3,180.829,46.267,3.908,25.832,equity
EFA,short,2012-10-17,2012-10-18,2012-10-18,stop_samebar,36.287,36.4622,36.4622,0,-48.293,48.293,-1.0,32.787,equity
IEF,long,2012-10-17,2012-10-18,2012-10-18,stop_samebar,79.6052,79.4911,79.4911,0,-14.33,14.33,-1.0,9.401,bond
UUP,long,2012-10-17,2012-10-18,2012-10-23,time_moc,18.1115,18.3036,18.0514,3,106.088,33.196,3.196,18.45,dollar
GLD,long,2012-10-19,2012-10-22,2012-10-23,stop_gap,167.54,166.04,166.22,1,-89.531,78.787,-1.136,77.594,commodity
TLT,long,2012-10-18,2012-10-19,2012-10-24,time_moc,82.5749,83.2935,82.1796,3,87.019,47.877,1.818,45.455,bond
DBC,long,2012-11-02,2012-11-05,2012-11-05,stop_samebar,23.1074,22.9183,22.9183,0,-81.83,81.83,-1.0,73.174,commodity
IEF,short,2012-11-07,2012-11-08,2012-11-08,stop_samebar,80.5616,80.8091,80.8091,0,-30.727,30.727,-1.0,28.244,bond
SPY,long,2012-11-07,2012-11-08,2012-11-08,stop_samebar,110.7149,109.6462,109.6462,0,-96.534,96.534,-1.0,94.728,equity
EEM,long,2012-11-13,2012-11-14,2012-11-14,stop_samebar,30.2416,29.9946,29.9946,0,-81.661,81.661,-1.0,73.457,equity
EFA,short,2012-11-23,2012-11-26,2012-11-28,stop,35.8275,36.059,36.059,2,-64.618,64.618,-1.0,59.035,equity
IEF,long,2012-12-13,2012-12-14,2012-12-17,stop,80.5039,80.3394,80.3394,1,-20.431,20.431,-1.0,17.947,bond
SPY,short,2012-12-18,2012-12-19,2012-12-19,stop_samebar,113.9753,114.7444,114.7444,0,-67.482,67.482,-1.0,65.727,equity
IEF,long,2013-01-28,2013-01-29,2013-01-30,stop_gap,79.2857,79.0219,79.0268,1,-33.269,32.648,-1.019,30.125,bond
GLD,long,2013-02-11,2013-02-12,2013-02-12,stop_samebar,160.03,159.24,159.24,0,-49.366,49.366,-1.0,48.116,commodity
EEM,long,2013-02-21,2013-02-22,2013-02-25,stop,32.3276,31.945,31.945,1,-118.354,118.354,-1.0,101.429,equity
EFA,long,2013-02-21,2013-02-22,2013-02-25,stop,38.836,38.3449,38.3449,1,-126.456,126.456,-1.0,79.146,equity
SPY,long,2013-02-25,2013-02-26,2013-02-26,stop_samebar,118.8995,118.3177,118.3177,0,-48.931,48.931,-1.0,24.712,equity
DBC,short,2013-03-27,2013-03-28,2013-04-03,time_moc,23.1904,22.5901,23.3272,3,258.841,58.997,4.387,40.102,commodity
UUP,short,2013-03-27,2013-03-28,2013-04-03,time_moc,18.9035,18.8132,18.9652,3,47.741,32.677,1.461,22.097,dollar
EEM,long,2013-04-04,2013-04-05,2013-04-05,stop_samebar,31.1005,30.8942,30.8942,0,-66.335,66.335,-1.0,59.904,equity
UUP,long,2013-04-11,2013-04-12,2013-04-16,stop,18.6979,18.6445,18.6445,2,-28.568,28.568,-1.0,17.872,dollar
EEM,long,2013-04-15,2013-04-16,2013-04-17,stop,31.0682,30.4098,30.4098,1,-211.902,211.902,-1.0,23.986,equity
TLT,short,2013-05-01,2013-05-02,2013-05-07,time_moc,85.7801,83.4514,86.3089,3,271.465,61.65,4.403,59.318,bond
UUP,short,2013-05-10,2013-05-13,2013-05-14,stop,18.8701,18.9485,18.9485,1,-41.589,41.589,-1.0,30.99,dollar
EFA,short,2013-05-20,2013-05-21,2013-05-21,stop_samebar,42.197,42.4008,42.4008,0,-48.292,48.292,-1.0,28.504,equity
SPY,long,2013-06-05,2013-06-06,2013-06-06,stop_samebar,128.9706,128.5198,128.5198,0,-34.949,34.949,-1.0,33.398,equity
TLT,long,2013-06-10,2013-06-11,2013-06-11,stop_samebar,78.6069,78.2262,78.2262,0,-48.427,48.427,-1.0,45.883,bond
SPY,long,2013-06-20,2013-06-21,2013-06-21,stop_samebar,128.0151,126.8048,126.8048,0,-94.542,94.542,-1.0,79.136,equity
SPY,short,2013-07-09,2013-07-10,2013-07-10,stop_samebar,132.2892,132.5879,132.5879,0,-22.578,22.578,-1.0,12.953,equity
IEF,long,2013-07-05,2013-07-08,2013-07-11,time_moc,76.0724,76.6772,75.5539,3,79.506,68.161,1.166,65.532,bond
TLT,long,2013-07-05,2013-07-08,2013-07-11,time_moc,75.0299,75.2263,74.072,3,26.184,127.667,0.205,125.001,bond
EFA,short,2013-07-11,2013-07-12,2013-07-17,stop_gap,40.748,41.3275,41.0989,3,-142.212,86.108,-1.652,47.811,equity
EFA,short,2013-07-17,2013-07-18,2013-07-18,stop_samebar,41.0789,41.3375,41.3375,0,-62.955,62.955,-1.0,58.086,equity
EEM,short,2013-07-23,2013-07-24,2013-07-29,time_moc,30.1148,29.6945,30.3915,3,139.584,91.883,1.519,85.241,equity
EFA,short,2013-08-02,2013-08-05,2013-08-06,stop_gap,41.8356,42.0569,42.0533,1,-52.907,52.038,-1.017,47.257,equity
TLT,long,2013-08-13,2013-08-14,2013-08-15,stop_gap,73.4597,72.8202,73.2998,1,-87.064,21.767,-4.0,19.045,bond
EEM,long,2013-08-27,2013-08-28,2013-08-28,stop_samebar,28.3304,28.1292,28.1292,0,-71.019,71.019,-1.0,63.96,equity
SPY,long,2013-08-27,2013-08-28,2013-08-28,stop_samebar,131.6737,130.8679,130.8679,0,-61.201,61.201,-1.0,59.682,equity
IEF,long,2013-09-05,2013-09-06,2013-09-11,time_moc,74.9224,75.0205,74.3768,3,13.091,72.828,0.18,58.466,bond
IEF,short,2013-09-18,2013-09-19,2013-09-24,stop,76.0502,76.5771,76.5771,3,-69.277,69.277,-1.0,66.647,bond
DBC,long,2013-10-01,2013-10-02,2013-10-07,time_moc,21.7108,22.0321,21.4895,3,147.975,101.958,1.451,70.094,commodity
GLD,long,2013-10-01,2013-10-02,2013-10-07,time_moc,125.37,127.64,123.8,3,181.064,125.23,1.446,106.884,commodity
GLD,long,2013-10-11,2013-10-14,2013-10-17,time_moc,123.9,127.42,121.84,3,284.1,166.263,1.709,158.192,commodity
TLT,long,2013-11-20,2013-11-21,2013-11-21,stop_samebar,72.6062,72.3676,72.3676,0,-32.859,32.859,-1.0,30.104,bond
SPY,short,2013-11-22,2013-11-25,2013-11-25,stop_samebar,145.4382,145.7241,145.7241,0,-19.659,19.659,-1.0,18.284,equity
TLT,long,2013-12-27,2013-12-30,2013-12-31,stop,72.4756,72.1392,72.1392,1,-46.412,46.412,-1.0,19.284,bond
DBC,long,2014-01-03,2014-01-06,2014-01-08,stop_gap,21.2966,21.2036,21.2189,2,-43.668,36.454,-1.198,19.849,commodity
GLD,short,2014-01-13,2014-01-14,2014-01-14,stop_samebar,120.54,121.05,121.05,0,-42.31,42.31,-1.0,22.4,commodity
IEF,short,2014-01-13,2014-01-14,2014-01-17,time_moc,76.4533,76.6507,76.6683,3,-25.819,28.121,-0.918,9.549,bond
UUP,short,2014-01-17,2014-01-21,2014-01-24,time_moc,18.2184,18.0614,18.2551,3,86.22,20.149,4.279,9.171,dollar
SPY,short,2014-02-28,2014-03-03,2014-03-04,stop,149.6001,151.6356,151.6356,1,-136.06,136.06,-1.0,54.157,equity
UUP,long,2014-02-28,2014-03-03,2014-03-06,stop,17.921,17.8258,17.8258,3,-53.114,53.114,-1.0,41.954,dollar
DBC,short,2014-03-03,2014-03-04,2014-03-07,time_moc,22.235,22.2266,22.4902,3,3.802,114.764,0.033,95.057,commodity
GLD,short,2014-03-03,2014-03-04,2014-03-07,time_moc,128.54,129.09,130.6,3,-42.788,160.262,-0.267,82.464,commodity
EEM,short,2014-03-06,2014-03-07,2014-03-12,time_moc,30.359,29.6277,30.6509,3,240.903,96.143,2.506,87.83,equity
EFA,short,2014-03-06,2014-03-07,2014-03-12,time_moc,46.6611,45.729,46.9012,3,199.757,51.445,3.883,47.159,equity
UUP,long,2014-03-12,2014-03-13,2014-03-13,stop_samebar,17.8207,17.7924,17.7924,0,-15.911,15.911,-1.0,4.688,dollar
IEF,long,2014-04-02,2014-04-03,2014-04-08,time_moc,77.0614,77.8137,76.9642,3,97.63,12.606,7.745,10.011,bond
TLT,short,2014-05-01,2014-05-02,2014-05-02,stop_samebar,79.9309,80.3278,80.3278,0,-49.664,49.664,-1.0,32.379,bond
DBC,long,2014-05-09,2014-05-12,2014-05-15,time_moc,22.1336,22.1843,22.0221,3,22.918,50.355,0.455,19.099,commodity
EFA,short,2014-05-27,2014-05-28,2014-05-29,stop_gap,47.3694,47.6407,47.637,1,-57.275,56.483,-1.014,52.261,equity
TLT,short,2014-05-28,2014-05-29,2014-05-29,stop_samebar,81.9775,82.3057,82.3057,0,-40.028,40.028,-1.0,37.588,bond
SPY,short,2014-06-18,2014-06-19,2014-06-19,stop_samebar,159.5272,159.8076,159.8076,0,-17.577,17.577,-1.0,16.323,equity
IEF,long,2014-06-17,2014-06-18,2014-06-23,time_moc,78.6062,78.6674,78.3894,3,7.795,27.58,0.283,3.898,bond
EFA,short,2014-07-03,2014-07-07,2014-07-10,time_moc,48.395,47.5073,48.8278,3,183.433,89.415,2.051,28.658,equity
DBC,long,2014-07-09,2014-07-10,2014-07-11,stop,21.9829,21.8868,21.8868,1,-43.711,43.711,-1.0,34.613,commodity
IEF,short,2014-07-17,2014-07-18,2014-07-23,time_moc,79.5248,79.742,79.8518,3,-27.31,41.111,-0.664,38.596,bond
GLD,long,2014-07-24,2014-07-25,2014-07-30,time_moc,124.48,124.83,123.89,3,28.117,47.397,0.593,36.954,commodity
GLD,long,2014-07-31,2014-08-01,2014-08-06,time_moc,124.54,125.67,123.22,3,90.734,105.99,0.856,53.798,commodity
UUP,short,2014-08-05,2014-08-06,2014-08-07,stop,18.16,18.1967,18.1967,1,-20.214,20.214,-1.0,9.201,dollar
TLT,short,2014-08-07,2014-08-08,2014-08-08,stop_samebar,83.5971,83.621,83.621,0,-2.867,2.867,-1.0,0.475,bond
EEM,long,2014-08-07,2014-08-08,2014-08-13,time_moc,33.4095,34.2158,33.1154,3,241.325,88.031,2.741,59.757,equity
IEF,short,2014-08-15,2014-08-18,2014-08-21,time_moc,80.3835,80.2551,80.9109,3,15.971,65.612,0.243,63.124,bond
EEM,short,2014-08-19,2014-08-20,2014-08-25,time_moc,34.5076,34.6151,34.6942,3,-31.153,54.077,-0.576,8.9,equity
GLD,long,2014-08-21,2014-08-22,2014-08-27,time_moc,123.24,123.32,122.44,3,6.491,64.915,0.1,63.292,commodity
DBC,long,2014-09-02,2014-09-03,2014-09-04,stop,20.9584,20.8216,20.8216,1,-65.28,65.28,-1.0,24.204,commodity
EEM,short,2014-09-03,2014-09-04,2014-09-04,stop_samebar,34.989,35.1703,35.1703,0,-51.802,51.802,-1.0,46.086,equity
EFA,short,2014-09-03,2014-09-04,2014-09-09,time_moc,47.3353,46.5703,47.5455,3,161.612,44.413,3.639,40.188,equity
UUP,short,2014-09-17,2014-09-18,2014-09-19,stop,18.7715,18.8483,18.8483,1,-40.93,40.93,-1.0,26.702,dollar
SPY,long,2014-09-25,2014-09-26,2014-09-29,stop_gap,162.2168,161.1742,161.2217,1,-64.273,61.344,-1.048,60.111,equity
DBC,long,2014-09-30,2014-10-01,2014-10-01,stop_samebar,19.7425,19.5703,19.5703,0,-87.212,87.212,-1.0,77.082,commodity
IEF,short,2014-10-01,2014-10-02,2014-10-02,stop_samebar,80.2683,80.489,80.489,0,-27.495,27.495,-1.0,25.004,bond
SPY,short,2014-10-28,2014-10-29,2014-10-29,stop_samebar,162.8893,163.0079,163.0079,0,-7.279,7.279,-1.0,6.052,equity
DBC,long,2014-11-04,2014-11-05,2014-11-05,stop_samebar,18.449,18.3698,18.3698,0,-42.919,42.919,-1.0,32.078,commodity
DBC,long,2014-11-13,2014-11-14,2014-11-19,time_moc,18.2968,18.0332,18.0232,3,-144.086,149.551,-0.963,138.62,commodity
DBC,long,2014-11-19,2014-11-20,2014-11-25,time_moc,18.1262,18.1346,18.0147,3,4.664,61.487,0.076,4.664,commodity
EEM,short,2014-11-21,2014-11-24,2014-11-28,time_moc,32.4113,31.8661,32.6133,3,168.206,62.313,2.699,30.798,equity
UUP,short,2014-11-21,2014-11-24,2014-11-28,time_moc,19.5718,19.6069,19.6252,3,-17.914,27.292,-0.656,17.073,dollar
EEM,long,2014-12-01,2014-12-02,2014-12-05,stop,31.4231,31.2726,31.2726,3,-47.906,47.906,-1.0,41.541,equity
GLD,short,2014-12-01,2014-12-02,2014-12-05,time_moc,115.13,114.43,117.37,3,60.801,194.563,0.312,121.602,commodity
SPY,long,2014-12-10,2014-12-11,2014-12-12,stop_gap,167.4832,166.4645,166.6928,1,-60.82,47.194,-1.289,13.734,equity
UUP,short,2014-12-19,2014-12-22,2014-12-22,stop_samebar,19.8308,19.8758,19.8758,0,-22.724,22.724,-1.0,12.638,dollar
EFA,long,2015-01-05,2015-01-06,2015-01-06,stop_samebar,42.1276,41.9646,41.9646,0,-38.692,38.692,-1.0,33.945,equity
GLD,short,2015-01-12,2015-01-13,2015-01-13,stop_samebar,118.37,118.72,118.72,0,-29.568,29.568,-1.0,27.879,commodity
IEF,short,2015-01-28,2015-01-29,2015-01-30,stop_gap,85.0304,85.6894,85.3971,1,-77.505,43.12,-1.797,20.972,bond
EFA,short,2015-02-03,2015-02-04,2015-02-05,stop,44.3977,44.873,44.873,1,-107.06,107.06,-1.0,102.555,equity
UUP,short,2015-02-26,2015-02-27,2015-03-02,stop,21.0337,21.0788,21.0788,1,-21.423,21.423,-1.0,11.915,dollar
DBC,long,2015-03-06,2015-03-09,2015-03-09,stop_samebar,14.932,14.8105,14.8105,0,-81.337,81.337,-1.0,67.943,commodity
SPY,long,2015-03-11,2015-03-12,2015-03-17,time_moc,169.5474,171.7777,168.8271,3,131.541,42.488,3.096,13.641,equity
IEF,short,2015-03-18,2015-03-19,2015-03-23,stop,83.8249,84.3897,84.3897,2,-67.387,67.387,-1.0,65.001,bond
IEF,short,2015-04-01,2015-04-02,2015-04-06,stop_gap,84.6497,84.8824,84.8144,1,-27.479,19.457,-1.412,17.094,bond
EFA,short,2015-04-15,2015-04-16,2015-04-16,stop_samebar,47.2505,47.491,47.491,0,-50.908,50.908,-1.0,46.675,equity
GLD,long,2015-04-24,2015-04-27,2015-04-30,time_moc,113.87,113.47,112.76,3,-35.128,97.48,-0.36,56.205,commodity
UUP,long,2015-05-06,2015-05-07,2015-05-12,time_moc,20.7781,20.7597,20.616,3,-8.833,77.976,-0.113,68.35,dollar
EFA,short,2015-05-14,2015-05-15,2015-05-15,stop_samebar,48.4101,48.6436,48.6436,0,-48.22,48.22,-1.0,44.088,equity
TLT,long,2015-05-19,2015-05-20,2015-05-26,time_moc,87.4834,90.2014,87.002,3,310.685,55.029,5.646,42.94,bond
EEM,long,2015-05-26,2015-05-27,2015-05-27,stop_samebar,32.7707,32.6494,32.6494,0,-37.002,37.002,-1.0,30.899,equity
UUP,short,2015-05-26,2015-05-27,2015-05-27,stop_samebar,21.3428,21.3879,21.3879,0,-21.114,21.114,-1.0,11.743,dollar
IEF,long,2015-06-03,2015-06-04,2015-06-05,stop_gap,82.2512,81.5977,81.7206,1,-79.451,64.515,-1.232,62.083,bond
TLT,long,2015-06-03,2015-06-04,2015-06-09,stop_gap,87.2955,86.4097,86.5031,3,-101.472,90.779,-1.118,57.15,bond
SPY,long,2015-06-08,2015-06-09,2015-06-09,stop_samebar,173.102,172.8912,172.8912,0,-12.179,12.179,-1.0,11.024,equity
EEM,long,2015-06-15,2015-06-16,2015-06-16,stop_samebar,31.0181,30.8891,30.8891,0,-41.604,41.604,-1.0,35.157,equity
EFA,long,2015-06-29,2015-06-30,2015-06-30,stop_samebar,46.5682,45.9794,45.9794,0,-126.429,126.429,-1.0,34.624,equity
SPY,long,2015-06-29,2015-06-30,2015-06-30,stop_samebar,172.8001,171.181,171.181,0,-93.698,93.698,-1.0,65.359,equity
TLT,long,2015-06-26,2015-06-29,2015-07-02,time_moc,86.3359,85.8158,84.7905,3,-60.247,178.997,-0.337,32.49,bond
EEM,long,2015-06-29,2015-06-30,2015-07-06,stop_gap,31.184,30.3836,30.6168,3,-256.668,181.869,-1.411,62.334,equity
DBC,long,2015-07-20,2015-07-21,2015-07-22,stop_gap,14.1457,13.9582,14.0074,1,-132.578,97.811,-1.355,83.673,commodity
SPY,short,2015-07-20,2015-07-21,2015-07-24,time_moc,177.1105,173.4171,177.7458,3,208.539,35.87,5.814,27.774,equity
EEM,long,2015-07-27,2015-07-28,2015-07-31,time_moc,28.8242,29.1281,28.4511,3,105.425,129.445,0.814,122.507,equity
TLT,short,2015-08-07,2015-08-10,2015-08-11,stop,91.497,92.3151,92.3151,1,-89.416,89.416,-1.0,60.773,bond
UUP,long,2015-08-12,2015-08-13,2015-08-18,time_moc,21.0772,21.1691,20.9251,3,43.599,72.125,0.604,47.563,dollar
TLT,short,2015-08-20,2015-08-21,2015-08-21,stop_samebar,93.1922,93.5014,93.5014,0,-33.173,33.173,-1.0,31.027,bond
IEF,long,2015-09-15,2015-09-16,2015-09-16,stop_samebar,83.1534,83.0757,83.0757,0,-9.342,9.342,-1.0,6.937,bond
GLD,short,2015-09-24,2015-09-25,2015-09-30,time_moc,109.76,106.86,110.83,3,264.212,97.486,2.71,95.664,commodity
EEM,short,2015-10-07,2015-10-08,2015-10-08,stop_samebar,27.6371,27.9845,27.9845,0,-125.708,125.708,-1.0,85.18,equity
EFA,short,2015-10-09,2015-10-12,2015-10-15,stop,44.0795,44.2776,44.2776,3,-44.94,44.94,-1.0,27.901,equity
UUP,long,2015-10-14,2015-10-15,2015-10-20,time_moc,20.5609,20.6344,20.3988,3,35.767,78.799,0.454,69.072,dollar
EFA,short,2015-10-15,2015-10-16,2015-10-21,time_moc,44.2576,43.9638,44.3861,3,66.394,29.039,2.286,24.52,equity
EEM,short,2015-10-23,2015-10-26,2015-10-29,time_moc,28.3355,27.3154,28.5888,3,360.011,89.377,4.028,44.309,equity
DBC,long,2015-10-27,2015-10-28,2015-11-02,time_moc,12.6224,12.783,12.5532,3,127.26,54.808,2.322,33.49,commodity
TLT,long,2015-11-03,2015-11-04,2015-11-04,stop_samebar,90.5931,90.1213,90.1213,0,-52.075,52.075,-1.0,49.868,bond
UUP,short,2015-11-17,2015-11-18,2015-11-18,stop_samebar,21.6352,21.7137,21.7137,0,-36.273,36.273,-1.0,27.029,dollar
GLD,long,2015-11-27,2015-11-30,2015-12-02,stop,101.99,100.98,100.98,2,-99.03,99.03,-1.0,97.069,commodity
IEF,short,2015-12-01,2015-12-02,2015-12-07,time_moc,84.0222,83.6973,84.2595,3,38.664,28.24,1.369,25.86,bond
DBC,long,2015-12-02,2015-12-03,2015-12-07,stop_gap,11.9291,11.8361,11.843,2,-77.959,72.167,-1.08,21.261,commodity
UUP,long,2015-12-03,2015-12-04,2015-12-09,stop,21.3194,21.1925,21.1925,3,-59.55,59.55,-1.0,19.593,dollar
SPY,long,2015-12-11,2015-12-14,2015-12-14,stop_samebar,169.4511,168.8696,168.8696,0,-34.317,34.317,-1.0,33.137,equity
UUP,long,2015-12-09,2015-12-10,2015-12-15,time_moc,21.2192,21.3361,21.1006,3,55.119,55.893,0.986,43.307,dollar
IEF,short,2015-12-11,2015-12-14,2015-12-17,time_moc,84.005,83.65,84.4803,3,42.253,56.589,0.747,26.291,bond
TLT,short,2015-12-11,2015-12-14,2015-12-17,time_moc,91.9949,91.6385,92.8075,3,38.742,88.334,0.439,86.16,bond
GLD,long,2015-12-17,2015-12-18,2015-12-23,time_moc,101.35,102.31,100.22,3,94.721,111.494,0.85,29.6,commodity
UUP,short,2016-01-05,2016-01-06,2016-01-11,time_moc,21.5517,21.4531,21.6469,3,45.751,44.166,1.036,34.886,dollar
IEF,short,2016-01-08,2016-01-11,2016-01-12,stop,84.3564,84.6982,84.6982,1,-40.518,40.518,-1.0,25.827,bond
IEF,short,2016-01-29,2016-02-01,2016-02-02,stop_gap,85.9264,86.4099,86.2624,1,-56.272,39.103,-1.439,36.776,bond
EFA,long,2016-02-11,2016-02-12,2016-02-18,time_moc,37.6093,39.3946,37.166,3,474.698,117.866,4.027,112.548,equity
SPY,short,2016-02-22,2016-02-23,2016-02-25,stop,163.5533,164.3642,164.3642,2,-49.58,49.58,-1.0,19.072,equity
EEM,short,2016-02-22,2016-02-23,2016-02-26,time_moc,24.4179,23.9557,24.7068,3,189.295,118.325,1.6,81.593,equity
EEM,short,2016-03-11,2016-03-14,2016-03-17,stop_gap,26.2568,26.7529,26.476,3,-188.952,83.495,-2.263,75.878,equity
TLT,long,2016-03-11,2016-03-14,2016-03-17,time_moc,96.1433,96.8729,95.6745,3,75.887,48.764,1.556,43.029,bond
TLT,short,2016-03-29,2016-03-30,2016-04-01,stop_gap,97.8056,98.7243,98.6129,2,-93.926,82.542,-1.138,7.69,bond
EEM,short,2016-03-30,2016-03-31,2016-04-05,time_moc,27.237,26.3624,27.5678,3,321.103,121.454,2.644,114.111,equity
EFA,short,2016-03-30,2016-03-31,2016-04-05,time_moc,41.9343,40.3725,42.3821,3,372.433,106.806,3.487,60.912,equity
EFA,long,2016-04-05,2016-04-06,2016-04-11,time_moc,40.5112,41.2264,40.3041,3,176.545,51.108,3.454,32.426,equity
IEF,short,2016-04-07,2016-04-08,2016-04-13,time_moc,87.9014,87.6725,88.1586,3,26.039,29.261,0.89,26.986,bond
EEM,short,2016-04-19,2016-04-20,2016-04-25,time_moc,27.8506,27.3506,28.1734,3,179.541,115.916,1.549,108.735,equity
IEF,short,2016-05-11,2016-05-12,2016-05-13,stop,87.7613,88.1289,88.1289,1,-41.885,41.885,-1.0,19.92,bond
EEM,long,2016-05-13,2016-05-16,2016-05-18,stop,25.9719,25.6591,25.6591,2,-120.451,120.451,-1.0,33.753,equity
IEF,short,2016-06-03,2016-06-06,2016-06-08,stop,88.0669,88.2759,88.2759,2,-23.727,23.727,-1.0,13.986,bond
UUP,long,2016-06-08,2016-06-09,2016-06-14,time_moc,20.3169,20.5425,20.19,3,111.02,62.488,1.777,32.895,dollar
EEM,short,2016-06-23,2016-06-24,2016-06-29,time_moc,26.3125,27.3245,27.9289,3,-384.616,614.301,-0.626,52.432,equity
EFA,short,2016-06-23,2016-06-24,2016-06-29,time_moc,40.1374,40.9641,43.8044,3,-205.975,913.607,-0.225,48.877,equity
UUP,long,2016-06-23,2016-06-24,2016-06-29,time_moc,20.7346,20.7096,20.1399,3,-12.087,286.853,-0.042,24.174,dollar
DBC,long,2016-07-07,2016-07-08,2016-07-13,time_moc,12.5647,12.6055,12.4095,3,32.413,123.576,0.262,107.659,commodity
DBC,long,2016-07-20,2016-07-21,2016-07-22,stop_gap,12.4448,12.3011,12.3165,1,-115.489,103.144,-1.12,74.728,commodity
UUP,long,2016-07-29,2016-08-01,2016-08-02,stop_gap,20.6762,20.5509,20.5826,1,-60.606,45.241,-1.34,24.242,dollar
DBC,short,2016-08-16,2016-08-17,2016-08-17,stop_samebar,12.5532,12.6408,12.6408,0,-69.811,69.811,-1.0,53.879,commodity
UUP,long,2016-08-16,2016-08-17,2016-08-17,stop_samebar,20.5191,20.4406,20.4406,0,-38.246,38.246,-1.0,28.499,dollar
IEF,long,2016-08-26,2016-08-29,2016-09-01,time_moc,89.1058,89.3394,88.8703,3,26.217,26.426,0.992,24.182,bond
SPY,long,2016-09-09,2016-09-12,2016-09-12,stop_samebar,184.0272,181.6392,181.6392,0,-129.766,129.766,-1.0,128.679,equity
DBC,short,2016-10-19,2016-10-20,2016-10-25,time_moc,12.9014,12.9098,13.072,3,-6.553,132.259,-0.05,26.212,commodity
EFA,long,2016-11-04,2016-11-07,2016-11-10,time_moc,42.6623,42.7517,42.1086,3,20.95,129.788,0.161,76.816,equity
SPY,short,2016-11-09,2016-11-10,2016-11-10,stop_samebar,184.3289,185.8728,185.8728,0,-83.757,83.757,-1.0,82.672,equity
SPY,short,2016-11-17,2016-11-18,2016-11-18,stop_samebar,186.8887,187.5508,187.5508,0,-35.427,35.427,-1.0,34.357,equity
IEF,long,2016-12-01,2016-12-02,2016-12-07,time_moc,84.2065,84.688,83.699,3,57.181,60.275,0.949,51.593,bond
TLT,long,2016-12-01,2016-12-02,2016-12-07,time_moc,91.2049,92.1463,90.024,3,103.214,129.484,0.797,114.878,bond
TLT,long,2016-12-09,2016-12-12,2016-12-12,stop_samebar,90.044,89.7485,89.7485,0,-32.82,32.82,-1.0,30.598,bond
