entry_time,exit_time,side,qty,entry_price,exit_price,costs,net_pnl,exit_reason
2025-01-02 21:00:00+00:00,2025-01-03 14:35:00+00:00,LONG,19.0,506.58089620799996,509.4851813052,4.858583153199618,55.18141684680086,overnight_exit
2025-01-03 21:00:00+00:00,2025-01-06 14:35:00+00:00,LONG,19.0,514.9138718506,520.0736263755,4.944664026899318,98.0353359730999,overnight_exit
2025-01-06 21:00:00+00:00,2025-01-07 14:35:00+00:00,LONG,19.0,520.8259830208,521.6533943841,4.98918409730004,15.720815902700565,overnight_exit
2025-01-07 21:00:00+00:00,2025-01-08 14:35:00+00:00,LONG,19.0,511.52266087479995,511.19493022589995,4.896882329100151,-6.226882329100022,overnight_exit
2025-01-08 21:00:00+00:00,2025-01-10 14:35:00+00:00,LONG,19.0,511.6727144578,507.625454409,4.88794092719985,-76.89794092720024,overnight_exit
2025-01-10 21:00:00+00:00,2025-01-13 14:35:00+00:00,LONG,19.0,503.6398459811999,497.426952075,4.804984217799472,-118.04498421779908,overnight_exit
2025-01-13 21:00:00+00:00,2025-01-14 14:35:00+00:00,LONG,19.0,502.03927442919996,504.92585084999996,4.815048004799792,54.84495199519995,overnight_exit
2025-01-14 21:00:00+00:00,2025-01-15 14:35:00+00:00,LONG,20.0,501.5490993914,509.1652282908,5.07742201200017,152.32257798799992,overnight_exit
2025-01-15 21:00:00+00:00,2025-01-16 14:35:00+00:00,LONG,19.0,512.8931502662,515.0843590571999,4.917032971000708,41.632967028997996,overnight_exit
2025-01-16 21:00:00+00:00,2025-01-17 14:35:00+00:00,LONG,19.0,509.4619250015999,518.9137966983,4.904437762699956,179.58556223730073,overnight_exit
2025-01-17 21:00:00+00:00,2025-01-21 14:35:00+00:00,LONG,19.0,518.0850042379999,520.5135617703,4.9674068862982494,46.14259311370279,overnight_exit
2025-01-21 21:00:00+00:00,2025-01-22 14:35:00+00:00,LONG,19.0,520.9660330316,525.5828173422,5.001098098599982,87.71890190139993,overnight_exit
2025-01-22 21:00:00+00:00,2025-01-23 14:35:00+00:00,LONG,19.0,527.7684621276001,525.0428966304,5.045744446799745,-51.785744446800436,overnight_exit
2025-01-23 21:00:00+00:00,2025-01-24 14:35:00+00:00,LONG,19.0,528.9688907916,529.0023151836,5.064936552000745,0.635063448000551,overnight_exit
2025-01-24 21:00:00+00:00,2025-01-27 14:35:00+00:00,LONG,19.0,525.9178012706,507.0655366338,4.983028099199146,-358.19302809919975,overnight_exit
2025-01-27 21:00:00+00:00,2025-01-28 14:35:00+00:00,LONG,19.0,510.43227150499996,511.31491260629997,4.889819075299556,16.770180924700185,overnight_exit
2025-01-28 21:00:00+00:00,2025-01-29 14:35:00+00:00,LONG,19.0,518.1850399599999,518.523853962,4.9625339619994975,6.4374660380009345,overnight_exit
2025-01-29 21:00:00+00:00,2025-01-30 14:35:00+00:00,LONG,19.0,517.1146577346,519.7636718928001,4.958730994199868,50.33126900580169,overnight_exit
2025-01-30 21:00:00+00:00,2025-01-31 14:35:00+00:00,LONG,19.0,519.4454900572,522.9532035051,4.983444489900421,66.64655551009923,overnight_exit
2025-01-31 21:00:00+00:00,2025-02-03 14:35:00+00:00,LONG,19.0,518.6051899923999,509.60516368559996,4.940499829200007,-171.0004998291991,overnight_exit
2025-02-03 21:00:00+00:00,2025-02-04 14:35:00+00:00,LONG,19.0,514.5037253904001,514.7244119159999,4.926956013601398,4.193043986396788,overnight_exit
2025-02-04 21:00:00+00:00,2025-02-05 14:35:00+00:00,LONG,19.0,520.8459901652,517.8839479332,4.978802407999979,-56.27880240799868,overnight_exit
2025-02-05 21:00:00+00:00,2025-02-06 14:35:00+00:00,LONG,19.0,523.1468117712,523.3831403682,5.009756656999798,4.490243343000202,overnight_exit
2025-02-06 21:00:00+00:00,2025-02-07 14:35:00+00:00,LONG,19.0,525.8677834096,526.1427351174,5.035917551800935,5.224082448200534,overnight_exit
2025-02-07 21:00:00+00:00,2025-02-10 14:35:00+00:00,LONG,19.0,519.2654257576,523.2731565195,4.983115523899528,76.14688447610013,overnight_exit
2025-02-10 21:00:00+00:00,2025-02-11 14:35:00+00:00,LONG,19.0,525.4876476659999,521.9933444619,5.02176087789951,-66.3917608778977,overnight_exit
2025-02-11 21:00:00+00:00,2025-02-12 14:35:00+00:00,LONG,19.0,524.2372011409999,518.3538789231,5.003122140098867,-111.78312214009895,overnight_exit
2025-02-12 21:00:00+00:00,2025-02-13 14:35:00+00:00,LONG,19.0,524.6073333123999,525.9827586101999,5.026919341799612,26.13308065820013,overnight_exit
2025-02-13 21:00:00+00:00,2025-02-14 14:35:00+00:00,LONG,18.0,532.1100124623999,532.0418688203999,4.826585556000737,-1.2265855559999181,overnight_exit
2025-02-14 21:00:00+00:00,2025-02-18 14:35:00+00:00,LONG,18.0,534.3308054908,535.6613372958,4.8504275100010545,23.949572489999355,overnight_exit
2025-02-18 21:00:00+00:00,2025-02-19 14:35:00+00:00,LONG,18.0,535.5212305826,534.5115061503,4.85503978139991,-18.175039781400073,overnight_exit
2025-02-19 21:00:00+00:00,2025-02-20 14:35:00+00:00,LONG,18.0,535.7613163154,534.6714826575,4.8570058421998965,-19.617005842200797,overnight_exit
2025-02-20 21:00:00+00:00,2025-02-21 14:35:00+00:00,LONG,18.0,533.4104768484,534.321534048,4.840970407198938,16.39902959280016,overnight_exit
2025-02-21 21:00:00+00:00,2025-02-24 14:35:00+00:00,LONG,19.0,522.3965438562,523.9030640166,5.006116952399907,28.623883047599747,overnight_exit
2025-02-24 21:00:00+00:00,2025-02-25 14:35:00+00:00,LONG,19.0,516.1743219478,515.3243238179999,4.939964466200195,-16.1499644662008,overnight_exit
2025-02-25 21:00:00+00:00,2025-02-26 14:35:00+00:00,LONG,19.0,509.68200358999997,511.64486415240003,4.885649314399245,37.29435068560127,overnight_exit
2025-02-26 21:00:00+00:00,2025-02-27 14:35:00+00:00,LONG,19.0,510.8724286818,514.224485331,4.9009236651992865,63.68907633479989,overnight_exit
2025-02-27 21:00:00+00:00,2025-02-28 14:35:00+00:00,LONG,20.0,496.8074061686,496.35710918309996,5.005939710000575,-9.005939710000348,overnight_exit
2025-02-28 21:00:00+00:00,2025-03-03 14:35:00+00:00,LONG,20.0,504.64020320119994,507.6654485358,5.09509330799915,60.50490669200144,overnight_exit
2025-03-03 21:00:00+00:00,2025-03-04 14:35:00+00:00,LONG,20.0,493.81633808079994,490.45797548009995,4.967252013999541,-67.16725201399981,overnight_exit
2025-03-04 21:00:00+00:00,2025-03-05 14:35:00+00:00,LONG,20.0,492.03570222919996,492.45768182009994,4.960408181999583,8.439591817999599,overnight_exit
2025-03-05 21:00:00+00:00,2025-03-06 14:35:00+00:00,LONG,20.0,498.5680348758,489.9680474268,4.999748980000049,-171.99974897999937,overnight_exit
2025-03-06 21:00:00+00:00,2025-03-07 14:35:00+00:00,LONG,20.0,484.8931516784,483.4889988852,4.8830558639997435,-28.083055864000244,overnight_exit
2025-03-26 20:00:00+00:00,2025-03-27 13:35:00+00:00,LONG,20.0,481.7120157188,479.4895862052,4.848590271999456,-44.44859027199982,overnight_exit
2025-05-13 20:00:00+00:00,2025-05-14 13:35:00+00:00,LONG,19.0,512.7130859665999,513.6445704924,4.9117940097991095,17.698205990201927,overnight_exit
2025-05-14 20:00:00+00:00,2025-05-15 13:35:00+00:00,LONG,19.0,515.8141933485999,513.3946071999,4.9321368253001765,-45.97213682529957,overnight_exit
2025-05-15 20:00:00+00:00,2025-05-16 13:35:00+00:00,LONG,19.0,516.4044041084,517.5339993237,4.947690909299467,21.462309090700273,overnight_exit
2025-05-16 20:00:00+00:00,2025-05-19 13:35:00+00:00,LONG,19.0,518.6251971368,511.1849316942,4.945043409399489,-141.3650434094007,overnight_exit
2025-05-19 20:00:00+00:00,2025-05-20 13:35:00+00:00,LONG,19.0,519.1253757468,516.3141784562999,4.962748519500678,-53.412748519501974,overnight_exit
2025-05-20 20:00:00+00:00,2025-05-21 13:35:00+00:00,LONG,19.0,517.3547434673999,513.1646409708,4.9419474353996975,-79.61194743539875,overnight_exit
2025-05-21 20:00:00+00:00,2025-05-22 13:35:00+00:00,LONG,19.0,510.2021893443999,510.55502419709995,4.886137798699735,6.703862201300524,overnight_exit
2025-05-22 20:00:00+00:00,2025-05-23 13:35:00+00:00,LONG,19.0,511.1625322756,503.13611367569996,4.8719533980994925,-152.50195339810023,overnight_exit
2025-05-23 20:00:00+00:00,2025-05-27 13:35:00+00:00,LONG,19.0,506.46085334159994,513.024661527,4.86764447739921,124.71235552260174,overnight_exit
2025-05-27 20:00:00+00:00,2025-05-28 13:35:00+00:00,LONG,19.0,518.3150863986,519.0137820153,4.964783282701092,13.2752167172996,overnight_exit
2025-05-28 20:00:00+00:00,2025-05-29 13:35:00+00:00,LONG,19.0,516.0642826536,523.1331770757,4.961005980100481,134.3089940199003,overnight_exit
2025-05-29 20:00:00+00:00,2025-05-30 13:35:00+00:00,LONG,19.0,517.0746434458,516.2941813929,4.948779005100732,-14.828779005100387,overnight_exit
2025-05-30 20:00:00+00:00,2025-06-02 13:35:00+00:00,LONG,19.0,516.2443469532,514.1344985457,4.93711974250084,-40.08711974249911,overnight_exit
2025-06-02 20:00:00+00:00,2025-06-03 13:35:00+00:00,LONG,19.0,520.3057972664,520.4135764533,4.982195448898665,2.0478045511014216,overnight_exit
2025-06-03 20:00:00+00:00,2025-06-04 13:35:00+00:00,LONG,19.0,524.487290446,524.822928933,5.022868747000757,6.377131252999675,overnight_exit
2025-06-04 20:00:00+00:00,2025-06-05 13:35:00+00:00,LONG,18.0,525.8377726929999,526.9726132484999,4.772870001000001,20.42712999899959,overnight_exit
2025-06-05 20:00:00+00:00,2025-06-06 13:35:00+00:00,LONG,19.0,521.786325952,526.7926396779,5.010039207899922,95.11996079209973,overnight_exit
2025-06-06 20:00:00+00:00,2025-06-09 13:35:00+00:00,LONG,18.0,526.8981513462,526.9326191217,4.779580041000372,0.6204199589988093,overnight_exit
2025-06-09 20:00:00+00:00,2025-06-10 13:35:00+00:00,LONG,18.0,527.7284478388,527.9524693551,4.78761270659993,4.032387293400234,overnight_exit
2025-06-10 20:00:00+00:00,2025-06-11 13:35:00+00:00,LONG,18.0,531.3097266863999,532.3818188982,4.822340187599593,19.29765981240098,overnight_exit
2025-06-11 20:00:00+00:00,2025-06-12 13:35:00+00:00,LONG,18.0,529.4890765459999,527.8524840380999,4.798665142199752,-29.458665142199834,overnight_exit
2025-06-12 20:00:00+00:00,2025-06-13 13:35:00+00:00,LONG,18.0,530.6995087821999,524.4729803234999,4.797512256600157,-112.07751225660081,overnight_exit
2025-06-13 20:00:00+00:00,2025-06-16 13:35:00+00:00,LONG,19.0,524.0171225526,527.2925662629,5.026569504299118,62.23343049570019,overnight_exit
2025-06-16 20:00:00+00:00,2025-06-17 13:35:00+00:00,LONG,18.0,531.2997231142,528.4923900669,4.8119948513997315,-50.53199485139908,overnight_exit
2025-06-17 20:00:00+00:00,2025-06-18 13:35:00+00:00,LONG,18.0,526.0578512814,526.8926249949,4.77407315700043,15.02592684299998,overnight_exit
2025-06-18 20:00:00+00:00,2025-06-20 13:35:00+00:00,LONG,18.0,526.0178369926,529.0323107787,4.779471850199798,54.26052814979971,overnight_exit
2025-06-20 20:00:00+00:00,2025-06-23 13:35:00+00:00,LONG,19.0,523.787040392,524.2130184992999,5.016415961300822,8.093584038698054,overnight_exit
2025-06-23 20:00:00+00:00,2025-06-24 13:35:00+00:00,LONG,18.0,529.3390229629999,534.2515443261,4.814615464200415,88.42538453580073,overnight_exit
2025-06-24 20:00:00+00:00,2025-06-25 13:35:00+00:00,LONG,18.0,537.3418807229999,539.3807910882,4.879613426399601,36.70038657360146,overnight_exit
2025-06-25 20:00:00+00:00,2025-06-26 13:35:00+00:00,LONG,18.0,538.7723915476,540.6706016775,4.892217661799123,34.16778233820014,overnight_exit
2025-06-26 20:00:00+00:00,2025-06-27 13:35:00+00:00,LONG,18.0,543.7841812198,544.5600305088,4.934712797999055,13.965287202000127,overnight_exit
2025-06-27 20:00:00+00:00,2025-06-30 13:35:00+00:00,LONG,18.0,545.7748920876,548.5394461254,4.958027319600433,49.76197268039891,overnight_exit
2025-06-30 20:00:00+00:00,2025-07-01 13:35:00+00:00,LONG,18.0,549.19611378,547.0096707753,4.975974084600239,-39.355974084599666,overnight_exit
2025-07-01 20:00:00+00:00,2025-07-02 13:35:00+00:00,LONG,18.0,544.5544562791999,543.4601920217999,4.936756633199593,-19.696756633200494,overnight_exit
2025-07-02 20:00:00+00:00,2025-07-03 13:35:00+00:00,LONG,18.0,548.3658172874,550.4491656800999,4.9797289314017235,37.50027106859852,overnight_exit
2025-07-03 17:00:00+00:00,2025-07-07 13:35:00+00:00,LONG,18.0,553.6877176977999,550.7891157578999,5.014834918199995,-52.17483491820008,overnight_exit
2025-07-07 20:00:00+00:00,2025-07-08 13:35:00+00:00,LONG,18.0,549.6062602402,550.6491363141,4.988230669799805,18.771769330201096,overnight_exit
2025-07-08 20:00:00+00:00,2025-07-09 13:35:00+00:00,LONG,18.0,549.8663531174,551.718979206,4.992730405199836,33.34726959480008,overnight_exit
2025-07-09 20:00:00+00:00,2025-07-10 13:35:00+00:00,LONG,18.0,553.7877534198,554.1386238774,5.024331763198461,6.315668236801457,overnight_exit
2025-07-10 20:00:00+00:00,2025-07-11 13:35:00+00:00,LONG,18.0,553.0074747881999,550.5691480605,5.00988109860009,-43.88988109859952,overnight_exit
2025-07-11 20:00:00+00:00,2025-07-14 13:35:00+00:00,LONG,18.0,551.7470246909999,551.2590467478,5.003602977599485,-8.783602977598093,overnight_exit
2025-07-14 20:00:00+00:00,2025-07-15 13:35:00+00:00,LONG,18.0,553.7077248421999,557.4881319969,5.03267121539875,68.04732878460231,overnight_exit
2025-07-15 20:00:00+00:00,2025-07-16 13:35:00+00:00,LONG,18.0,554.2279105965999,554.5285666137,5.028191692199016,5.411808307801721,overnight_exit
2025-07-16 20:00:00+00:00,2025-07-17 13:35:00+00:00,LONG,18.0,554.8681392174,555.2384623644,5.034183354001243,6.665816646000394,overnight_exit
2025-07-17 20:00:00+00:00,2025-07-18 13:35:00+00:00,LONG,17.0,559.3097252742,560.3377135313999,4.794199627600392,17.47580037239868,overnight_exit
2025-07-18 20:00:00+00:00,2025-07-21 13:35:00+00:00,LONG,17.0,558.7695323754,559.3178632979999,4.7883743158001835,9.32162568419858,overnight_exit
2025-07-21 20:00:00+00:00,2025-07-22 13:35:00+00:00,LONG,17.0,561.6605647412,561.517540272,4.81141597639953,-2.4314159763997623,overnight_exit
2025-07-22 20:00:00+00:00,2025-07-23 13:35:00+00:00,LONG,17.0,558.799543092,559.5578280587999,4.789155564400744,12.890844435598638,overnight_exit
2025-07-23 20:00:00+00:00,2025-07-24 13:35:00+00:00,LONG,17.0,561.3304468586,562.3374198713999,4.811458782401019,17.118541217598363,overnight_exit
2025-07-24 20:00:00+00:00,2025-07-25 13:35:00+00:00,LONG,17.0,562.5808933835999,562.1374492374,4.818550485398987,-7.538550485398446,overnight_exit
2025-07-25 20:00:00+00:00,2025-07-28 13:35:00+00:00,LONG,17.0,563.8813577696,564.9370381133999,4.833434155401164,17.946565844599377,overnight_exit
2025-07-28 20:00:00+00:00,2025-07-29 13:35:00+00:00,LONG,17.0,565.6820007656,567.9465961551,4.851878378499919,38.49812162149931,overnight_exit
2025-07-29 20:00:00+00:00,2025-07-30 13:35:00+00:00,LONG,17.0,564.8116899842,565.3769735082,4.840180092001447,9.60981990799894,overnight_exit
2025-07-30 20:00:00+00:00,2025-07-31 13:35:00+00:00,LONG,17.0,565.5819650436,571.7060440742999,4.860656478100623,104.10934352189884,overnight_exit
2025-07-31 20:00:00+00:00,2025-08-01 13:35:00+00:00,LONG,17.0,562.4908612337999,556.0883375589,4.8029024732991275,-108.8429024732992,overnight_exit
2025-08-01 20:00:00+00:00,2025-08-04 13:35:00+00:00,LONG,18.0,551.396899664,556.2883081929,5.014646479799239,88.04535352020002,overnight_exit
2025-08-04 20:00:00+00:00,2025-08-05 13:35:00+00:00,LONG,17.0,561.6005433079999,562.5973816955999,4.813747410800374,16.94625258919916,overnight_exit
2025-08-05 20:00:00+00:00,2025-08-06 13:35:00+00:00,LONG,17.0,557.6991501499999,558.3380071913999,4.77943029619928,10.860569703800024,overnight_exit
2025-08-06 20:00:00+00:00,2025-08-07 13:35:00+00:00,LONG,17.0,564.801686412,568.8464640080999,4.8487808662996486,68.76121913369911,overnight_exit
2025-08-07 20:00:00+00:00,2025-08-08 13:35:00+00:00,LONG,17.0,566.7323758465999,567.616644609,4.857431039199582,15.032568960801655,overnight_exit
2025-08-08 20:00:00+00:00,2025-08-11 13:35:00+00:00,LONG,17.0,572.004258396,571.8460235181,4.899992924299681,-2.6899929242997587,overnight_exit
2025-08-11 20:00:00+00:00,2025-08-12 13:35:00+00:00,LONG,17.0,570.2136189721999,572.315954508,4.890295891398409,35.73970410860136,overnight_exit
2025-08-12 20:00:00+00:00,2025-08-13 13:35:00+00:00,LONG,17.0,577.4462016727999,579.8848430049,4.9530973542999845,41.456902645700325,overnight_exit
2025-08-13 20:00:00+00:00,2025-08-14 13:35:00+00:00,LONG,17.0,577.7763195554,575.4254978667,4.943968707900353,-39.96396870790136,overnight_exit
2025-08-14 20:00:00+00:00,2025-08-15 13:35:00+00:00,LONG,17.0,577.2861445176,576.9352761534,4.944762191398695,-5.9647621913997,overnight_exit
2025-08-15 20:00:00+00:00,2025-08-18 13:35:00+00:00,LONG,17.0,574.6652086012,573.5957665655999,4.92051460520031,-18.18051460520178,overnight_exit
2025-08-18 20:00:00+00:00,2025-08-19 13:35:00+00:00,LONG,17.0,574.5351621626,573.5457739070999,4.919600343500974,-16.819600343501747,overnight_exit
2025-08-19 20:00:00+00:00,2025-08-20 13:35:00+00:00,LONG,17.0,566.7523829909999,565.516952952,4.852310662999116,-21.002310662997957,overnight_exit
2025-08-20 20:00:00+00:00,2025-08-21 13:35:00+00:00,LONG,17.0,563.3411648708,561.5575343987999,4.821718024000461,-30.32171802400046,overnight_exit
2025-08-21 20:00:00+00:00,2025-08-22 13:35:00+00:00,LONG,17.0,560.8202646763999,561.8574903498001,4.8071635521984035,17.632836447802447,overnight_exit
2025-08-22 20:00:00+00:00,2025-08-25 13:35:00+00:00,LONG,17.0,569.453347485,567.5866490138999,4.8738740087011365,-31.733874008701832,overnight_exit
2025-08-25 20:00:00+00:00,2025-08-26 13:35:00+00:00,LONG,17.0,567.8227652164,567.016732707,4.862552659800031,-13.702552659799721,overnight_exit
2025-08-26 20:00:00+00:00,2025-08-27 13:35:00+00:00,LONG,17.0,570.103579678,568.7664757545,4.880766699500214,-22.73076669949944,overnight_exit
2025-08-27 20:00:00+00:00,2025-08-28 13:35:00+00:00,LONG,17.0,570.9938976038,571.2761072112,4.892436674199303,4.797563325801548,overnight_exit
2025-08-28 20:00:00+00:00,2025-08-29 13:35:00+00:00,LONG,17.0,574.5051514459999,571.8360249863999,4.915149813199491,-45.375149813199414,overnight_exit
2025-08-29 20:00:00+00:00,2025-09-02 13:35:00+00:00,LONG,17.0,567.7827509276,558.5379778253999,4.841142737400105,-157.16114273740072,overnight_exit
2025-09-02 20:00:00+00:00,2025-09-03 13:35:00+00:00,LONG,17.0,563.1110827102,566.4768119951999,4.832602155000814,57.2173978449988,overnight_exit
2025-09-03 20:00:00+00:00,2025-09-04 13:35:00+00:00,LONG,17.0,567.4626366171999,567.91660056,4.862612972398438,7.717387027601717,overnight_exit
2025-09-04 20:00:00+00:00,2025-09-05 13:35:00+00:00,LONG,17.0,572.7145120222,577.615176309,4.918707124399816,83.31129287560111,overnight_exit
2025-09-05 20:00:00+00:00,2025-09-08 13:35:00+00:00,LONG,17.0,573.4747835093999,575.515484652,4.918080575798285,34.69191942420241,overnight_exit
2025-09-08 20:00:00+00:00,2025-09-09 13:35:00+00:00,LONG,17.0,576.255776581,576.8052952413,4.938182774900383,9.341817225100158,overnight_exit
2025-09-09 20:00:00+00:00,2025-09-10 13:35:00+00:00,LONG,17.0,577.8963624218001,580.8547005798,4.958251314000904,50.291748685999096,overnight_exit
2025-09-10 20:00:00+00:00,2025-09-11 13:35:00+00:00,LONG,17.0,578.1264445823999,580.3547739948,4.958399989200643,37.88160001080098,overnight_exit
2025-09-11 20:00:00+00:00,2025-09-12 13:35:00+00:00,LONG,17.0,581.4976484137999,582.1545097008,4.983358120999355,11.166641879001418,overnight_exit
2025-09-12 20:00:00+00:00,2025-09-15 13:35:00+00:00,LONG,17.0,584.058562897,585.5340134154,5.007341187200495,25.082658812799195,overnight_exit
2025-09-15 20:00:00+00:00,2025-09-16 13:35:00+00:00,LONG,17.0,589.0703525691999,589.6834040709,5.048124471098504,10.421875528900955,overnight_exit
2025-09-16 20:00:00+00:00,2025-09-17 13:35:00+00:00,LONG,17.0,588.5501668148,588.1836243158999,5.0412224813011335,-6.231222481301984,overnight_exit
2025-09-17 20:00:00+00:00,2025-09-18 13:35:00+00:00,LONG,17.0,587.3097238619999,591.9730678302,5.043152540598271,79.27684745940041,overnight_exit
2025-09-18 20:00:00+00:00,2025-09-19 13:35:00+00:00,LONG,16.0,592.7416635666,594.3727154382,4.7831700544011255,26.096829945599893,overnight_exit
2025-09-19 20:00:00+00:00,2025-09-22 13:35:00+00:00,LONG,16.0,596.7931103076,595.4725539251999,4.8089021184005105,-21.12890211840204,overnight_exit
2025-09-22 20:00:00+00:00,2025-09-23 13:35:00+00:00,LONG,16.0,600.2643498609999,600.0918755705999,4.839588646400443,-2.759588646400516,overnight_exit
2025-09-23 20:00:00+00:00,2025-09-24 13:35:00+00:00,LONG,16.0,596.1728888312,597.3022852263,4.809657678399162,18.070342321600037,overnight_exit
2025-09-24 20:00:00+00:00,2025-09-25 13:35:00+00:00,LONG,16.0,594.1021493858,589.9533644267999,4.7805593440007215,-66.38055934400109,overnight_exit
2025-09-25 20:00:00+00:00,2025-09-26 13:35:00+00:00,LONG,16.0,591.6012563357999,592.1030487423001,4.7713214959985635,8.028678504002528,overnight_exit
2025-09-26 20:00:00+00:00,2025-09-29 13:35:00+00:00,LONG,16.0,594.0921458135999,596.8423527680999,4.7966887279999355,44.00331127199934,overnight_exit
2025-09-29 20:00:00+00:00,2025-09-30 13:35:00+00:00,LONG,16.0,596.7831067354,596.1824496759,4.810512951999044,-9.610512952000136,overnight_exit
2025-09-30 20:00:00+00:00,2025-10-01 13:35:00+00:00,LONG,16.0,598.3536675708,594.9226346817,4.816526225600683,-54.89652622560061,overnight_exit
2025-10-01 20:00:00+00:00,2025-10-02 13:35:00+00:00,LONG,16.0,601.2847142254,604.7611898745,4.856389614398722,55.62361038560084,overnight_exit
2025-10-02 20:00:00+00:00,2025-10-03 13:35:00+00:00,LONG,16.0,603.7155822699999,604.2112706309999,4.868986223998945,7.931013776000327,overnight_exit
2025-10-03 20:00:00+00:00,2025-10-06 13:35:00+00:00,LONG,16.0,601.1746749312,606.1309887174,4.858979420800097,79.30102057919976,overnight_exit
2025-10-06 20:00:00+00:00,2025-10-07 13:35:00+00:00,LONG,16.0,605.7162967099999,606.7209020876999,4.8863139568002225,16.073686043198904,overnight_exit
2025-10-07 20:00:00+00:00,2025-10-08 13:35:00+00:00,LONG,16.0,602.4851428894,603.1214306757,4.859395419200155,10.180604580800718,overnight_exit
2025-10-08 20:00:00+00:00,2025-10-09 13:35:00+00:00,LONG,16.0,609.4376255684,609.1605438225,4.913307934399199,-4.433307934399636,overnight_exit
2025-10-09 20:00:00+00:00,2025-10-10 13:35:00+00:00,LONG,16.0,608.6973612255999,609.0805555689,4.908890507198521,6.131109492800533,overnight_exit
2025-10-10 20:00:00+00:00,2025-10-13 13:35:00+00:00,LONG,17.0,587.5498095948,597.4322661384,5.058238758798666,168.00176124120048,overnight_exit
2025-10-13 20:00:00+00:00,2025-10-14 13:35:00+00:00,LONG,16.0,600.064278417,593.0429107220999,4.821883118400365,-112.3418831184008,overnight_exit
2025-10-14 20:00:00+00:00,2025-10-15 13:35:00+00:00,LONG,16.0,596.0828566814,601.7216362377,4.819527099200059,90.220472900799,overnight_exit
2025-10-15 20:00:00+00:00,2025-10-16 13:35:00+00:00,LONG,16.0,600.1843212834,602.811476193,4.845521446399289,42.03447855359991,overnight_exit
2025-10-16 20:00:00+00:00,2025-10-17 13:35:00+00:00,LONG,16.0,598.0035425437999,595.6825230909,4.816311246398982,-37.13631124639869,overnight_exit
2025-10-17 20:00:00+00:00,2025-10-20 13:35:00+00:00,LONG,16.0,601.8949321296,604.8411781281,4.860064024000167,47.13993597599983,overnight_exit
2025-10-20 20:00:00+00:00,2025-10-21 13:35:00+00:00,LONG,16.0,609.5376612904,609.310521798,4.9142318783997325,-3.6342318784008967,overnight_exit
2025-10-21 20:00:00+00:00,2025-10-22 13:35:00+00:00,LONG,16.0,609.3976112795999,608.510639262,4.911552281599143,-14.191552281597978,overnight_exit
2025-10-22 20:00:00+00:00,2025-10-23 13:35:00+00:00,LONG,16.0,603.3954679596,602.6215040907,4.86342190240066,-12.383421902399277,overnight_exit
2025-10-23 20:00:00+00:00,2025-10-24 13:35:00+00:00,LONG,16.0,608.5973255035999,613.6598830875,4.91907865759822,81.00092134240185,overnight_exit
2025-10-24 20:00:00+00:00,2025-10-27 13:35:00+00:00,LONG,16.0,614.9896081393999,622.1486365008,4.975546217599913,114.54445378240052,overnight_exit
2025-10-27 20:00:00+00:00,2025-10-28 13:35:00+00:00,LONG,16.0,626.0135447037999,627.9777804819,5.052227550399039,31.427772449602344,overnight_exit
2025-10-28 20:00:00+00:00,2025-10-29 13:35:00+00:00,LONG,15.0,630.8152593597999,633.1770169659,4.773635908499045,35.426364091500204,overnight_exit
2025-10-29 20:00:00+00:00,2025-10-30 13:35:00+00:00,LONG,15.0,633.7863203031999,629.7575191245,4.782017680498711,-60.43201768049755,overnight_exit
2025-10-30 20:00:00+00:00,2025-10-31 13:35:00+00:00,LONG,16.0,623.9528088306,631.7972195913,5.049427828800617,125.51057217119887,overnight_exit
2025-10-31 20:00:00+00:00,2025-11-03 14:35:00+00:00,LONG,16.0,627.1239412179999,632.7170845077,5.069707364798887,89.4902926352006,overnight_exit
2025-11-03 21:00:00+00:00,2025-11-04 14:35:00+00:00,LONG,16.0,630.0349807281999,620.9188171016999,5.05861802400068,-145.85861802399995,overnight_exit
2025-11-04 21:00:00+00:00,2025-11-05 14:35:00+00:00,LONG,16.0,617.2104011678,616.1595160124999,4.974162484801127,-16.814162484801273,overnight_exit
2025-11-05 21:00:00+00:00,2025-11-06 14:35:00+00:00,LONG,16.0,621.2418407644,619.4390344100999,5.004901668800812,-28.844901668800958,overnight_exit
2025-11-06 21:00:00+00:00,2025-11-07 14:35:00+00:00,LONG,16.0,609.6877148734,606.011006337,4.907336582398784,-58.82733658239886,overnight_exit
2025-11-07 21:00:00+00:00,2025-11-10 14:35:00+00:00,LONG,16.0,607.7570254387999,616.5794543438999,4.921137518400428,141.1588624815995,overnight_exit
2025-11-10 21:00:00+00:00,2025-11-11 14:35:00+00:00,LONG,16.0,621.1318014701999,618.2292120744,5.001430332798918,-46.44143033279761,overnight_exit
2025-11-11 21:00:00+00:00,2025-11-12 14:35:00+00:00,LONG,16.0,619.4812120572,622.4785880469,5.001984164800888,47.95801583520006,overnight_exit
2025-11-12 21:00:00+00:00,2025-11-13 14:35:00+00:00,LONG,16.0,619.0010405915999,615.1996569692999,4.982137956800216,-60.82213795680036,overnight_exit
2025-11-13 21:00:00+00:00,2025-11-14 14:35:00+00:00,LONG,16.0,606.416546764,597.2822881628999,4.868137617600951,-146.1481376176016,overnight_exit
2025-11-14 21:00:00+00:00,2025-11-17 14:35:00+00:00,LONG,16.0,606.816689652,604.0013014653,4.886210987200684,-45.04621098720054,overnight_exit
2025-11-17 21:00:00+00:00,2025-11-18 14:35:00+00:00,LONG,16.0,601.664849969,597.3522778848001,4.841153347198997,-69.00115334719885,overnight_exit
2025-11-18 21:00:00+00:00,2025-11-19 14:35:00+00:00,LONG,16.0,594.3722458351999,594.8126508329999,4.793520035200345,7.046479964799801,overnight_exit
2025-11-19 21:00:00+00:00,2025-11-20 14:35:00+00:00,LONG,16.0,597.7934675276,609.3005232662999,4.8471081808002054,184.11289181919892,overnight_exit
2025-11-20 21:00:00+00:00,2025-11-21 14:35:00+00:00,LONG,17.0,583.7484521588,585.2440559961,5.004734765901389,25.425265234099925,overnight_exit
2025-11-21 21:00:00+00:00,2025-11-24 14:35:00+00:00,LONG,17.0,588.2200489321999,593.0229136587,5.051299649499583,81.6487003505008,overnight_exit
2025-11-24 21:00:00+00:00,2025-11-25 14:35:00+00:00,LONG,16.0,603.3254429542,601.2217096526999,4.859732823999366,-33.65973282400046,overnight_exit
2025-11-25 21:00:00+00:00,2025-11-26 14:35:00+00:00,LONG,16.0,606.9067218018,610.1903925876,4.901267427199855,52.538732572798835,overnight_exit
2025-11-26 21:00:00+00:00,2025-11-28 14:35:00+00:00,LONG,16.0,612.2886436454,613.7798654679,4.940450840000267,23.859549159999005,overnight_exit
2025-11-28 18:00:00+00:00,2025-12-01 14:35:00+00:00,LONG,16.0,617.1503797345999,611.2902310746,4.962378559999706,-93.76237855999898,overnight_exit
2025-12-01 21:00:00+00:00,2025-12-02 14:35:00+00:00,LONG,16.0,615.169672439,617.1193750557001,4.964758132799034,31.19524186720082,overnight_exit
2025-12-02 21:00:00+00:00,2025-12-03 14:35:00+00:00,LONG,16.0,620.0314085281999,617.2693530312,4.992887951999364,-44.19288795199827,overnight_exit
2025-12-03 21:00:00+00:00,2025-12-04 14:35:00+00:00,LONG,16.0,621.4819264972,622.5585763004999,5.013603147201138,17.226396852798644,overnight_exit
2025-12-04 21:00:00+00:00,2025-12-05 14:35:00+00:00,LONG,16.0,620.8116871598,622.0186555887,5.008505137600878,19.31149486239883,overnight_exit
2025-12-05 21:00:00+00:00,2025-12-08 14:35:00+00:00,LONG,16.0,623.4526302206,624.808245933,5.030148601599649,21.689851398399696,overnight_exit
2025-12-08 21:00:00+00:00,2025-12-09 14:35:00+00:00,LONG,16.0,622.1321586902,620.6788523409,5.01290158879965,-23.252901588799432,overnight_exit
2025-12-09 21:00:00+00:00,2025-12-10 14:35:00+00:00,LONG,16.0,623.0524873326,621.4787348769,5.020039291199282,-25.180039291199137,overnight_exit
2025-12-10 21:00:00+00:00,2025-12-11 14:35:00+00:00,LONG,16.0,625.4933589494,621.4587378135,5.0339381743997365,-64.55393817440017,overnight_exit
2025-12-11 21:00:00+00:00,2025-12-12 14:35:00+00:00,LONG,16.0,623.5626695148,619.7289918294,5.018842966399461,-61.33884296639917,overnight_exit
2025-12-12 21:00:00+00:00,2025-12-15 14:35:00+00:00,LONG,16.0,611.5583828748,616.0495321638,4.941611375999855,71.85838862399942,overnight_exit
2025-12-15 21:00:00+00:00,2025-12-16 14:35:00+00:00,LONG,16.0,608.4872862093999,605.9610136785,4.900360494399138,-40.420360494399574,overnight_exit
2025-12-16 21:00:00+00:00,2025-12-17 14:35:00+00:00,LONG,16.0,609.7877505954,610.7403118311,4.919020228799127,15.240979771200728,overnight_exit
2025-12-17 21:00:00+00:00,2025-12-18 14:35:00+00:00,LONG,16.0,598.3836782873999,607.4407963701,4.846110676799071,144.91388932320115,overnight_exit
2025-12-18 21:00:00+00:00,2025-12-19 14:35:00+00:00,LONG,16.0,607.1468075345999,609.6404733441,4.901347048000389,39.8986529520007,overnight_exit
2025-12-19 21:00:00+00:00,2025-12-22 14:35:00+00:00,LONG,16.0,615.2096867278,619.8089800829999,4.97130631680011,73.58869368319938,overnight_exit
2025-12-22 21:00:00+00:00,2025-12-23 14:35:00+00:00,LONG,16.0,617.920654794,616.6494440658,4.979371651199472,-20.339371651200054,overnight_exit
2025-12-23 21:00:00+00:00,2025-12-24 14:35:00+00:00,LONG,16.0,620.9617407428,620.4388875801,5.005650603199683,-8.365650603200265,overnight_exit
2025-12-24 18:00:00+00:00,2025-12-26 14:35:00+00:00,LONG,16.0,622.6923587333999,623.108495544,5.021811030399476,6.658188969600815,overnight_exit
2025-12-26 21:00:00+00:00,2025-12-29 14:35:00+00:00,LONG,16.0,622.5923230113999,618.5791606838999,5.010597239999697,-64.21059724000042,overnight_exit
2025-12-29 21:00:00+00:00,2025-12-30 14:35:00+00:00,LONG,16.0,619.6412692124,618.2892032646,4.9930551647994434,-21.63305516479886,overnight_exit
2025-12-30 21:00:00+00:00,2025-12-31 14:35:00+00:00,LONG,16.0,618.1807476712,618.0992311623,4.984264142400207,-1.3042641423999157,overnight_exit
2025-12-31 21:00:00+00:00,2026-01-02 14:35:00+00:00,LONG,16.0,613.0489151326,618.5391665571,4.95597720799924,87.84402279200003,overnight_exit
2026-01-02 21:00:00+00:00,2026-01-05 14:35:00+00:00,LONG,16.0,611.8684936129999,617.7492825528,4.9473769632004405,94.09262303680043,overnight_exit
2026-01-05 21:00:00+00:00,2026-01-06 14:35:00+00:00,LONG,16.0,616.7102225578,617.6792928309,4.974875630399765,15.505124369599798,overnight_exit
2026-01-06 21:00:00+00:00,2026-01-07 14:35:00+00:00,LONG,16.0,622.2221908399999,621.4787348769,5.0152954095992754,-11.895295409598475,overnight_exit
2026-01-07 21:00:00+00:00,2026-01-08 14:35:00+00:00,LONG,16.0,622.8124015998,621.4687363451999,5.018644073599717,-21.4986440736011,overnight_exit
2026-01-08 21:00:00+00:00,2026-01-09 14:35:00+00:00,LONG,16.0,619.1911084634,619.8589727415,4.994171550401006,10.685828449599285,overnight_exit
2026-01-09 21:00:00+00:00,2026-01-12 14:35:00+00:00,LONG,16.0,625.4133303718,620.7388435311,5.031789451200893,-74.79178945120111,overnight_exit
2026-01-12 21:00:00+00:00,2026-01-13 14:35:00+00:00,LONG,16.0,625.9335161262,625.6981152543,5.046413950398346,-3.76641395039951,overnight_exit
2026-01-13 21:00:00+00:00,2026-01-14 14:35:00+00:00,LONG,16.0,624.8731374729999,620.6788523409,5.028562113599037,-67.10856211359896,overnight_exit
2026-01-14 21:00:00+00:00,2026-01-15 14:35:00+00:00,LONG,16.0,618.4108298318,625.0382121621,5.001882715199827,106.03811728479923,overnight_exit
2026-01-15 21:00:00+00:00,2026-01-16 14:35:00+00:00,LONG,16.0,620.421547844,623.9483722068,5.010810195199156,56.429189804799535,overnight_exit
2026-01-16 21:00:00+00:00,2026-01-20 14:35:00+00:00,LONG,16.0,619.8013263676,608.9905687836,4.972121344000698,-172.9721213440007,overnight_exit
2026-01-20 21:00:00+00:00,2026-01-21 14:35:00+00:00,LONG,16.0,606.8266932242,607.9407229551,4.895524305598883,17.824475694400462,overnight_exit
2026-01-21 21:00:00+00:00,2026-01-22 14:35:00+00:00,LONG,16.0,614.8895724173999,620.7988347213,4.971803137599636,94.5481968624008,overnight_exit
2026-01-22 21:00:00+00:00,2026-01-23 14:35:00+00:00,LONG,16.0,619.5412334904,618.1592223525,4.9921782063993305,-22.11217820640013,overnight_exit
2026-01-23 21:00:00+00:00,2026-01-26 14:35:00+00:00,LONG,16.0,621.5319443581999,621.6487099157999,5.011751078400266,1.8682489216007525,overnight_exit
2026-01-26 21:00:00+00:00,2026-01-27 14:35:00+00:00,LONG,16.0,624.2329088521999,627.3378744531,5.040550385598181,49.679449614401165,overnight_exit
2026-01-27 21:00:00+00:00,2026-01-28 14:35:00+00:00,LONG,16.0,629.8149021398,633.8669156532,5.08778378560055,64.83221621439952,overnight_exit
2026-01-28 21:00:00+00:00,2026-01-29 14:35:00+00:00,LONG,16.0,631.7055772855999,631.0873238405999,5.0920551199997135,-9.892055120000805,overnight_exit
2026-01-29 21:00:00+00:00,2026-01-30 14:35:00+00:00,LONG,16.0,628.1042912936,624.1383443091,5.0551517519998015,-63.45515175199944,overnight_exit
2026-01-30 21:00:00+00:00,2026-02-02 14:35:00+00:00,LONG,16.0,620.571601427,617.1393721191,4.995668926399958,-54.91566892640003,overnight_exit
2026-02-02 21:00:00+00:00,2026-02-03 14:35:00+00:00,LONG,16.0,624.9831767672,626.707966956,5.043356979200325,27.596643020799092,overnight_exit
2026-02-03 21:00:00+00:00,2026-02-04 14:35:00+00:00,LONG,16.0,615.2196902999999,613.509905112,4.956563007999648,-27.356563007999284,overnight_exit
2026-02-04 21:00:00+00:00,2026-02-05 14:35:00+00:00,LONG,16.0,604.4058287518001,598.7120781959999,4.860008892801488,-91.10000889280309,overnight_exit
2026-02-05 21:00:00+00:00,2026-02-06 14:35:00+00:00,LONG,16.0,595.8427709486,598.7320752594001,4.811131027199735,46.22886897280114,overnight_exit
2026-02-06 21:00:00+00:00,2026-02-09 14:35:00+00:00,LONG,16.0,608.4072576318,606.0210048687,4.90004420960031,-38.180044209600965,overnight_exit
2026-02-09 21:00:00+00:00,2026-02-10 14:35:00+00:00,LONG,16.0,613.0989329936,613.7798654679,4.9450804112002515,10.894919588799894,overnight_exit
2026-02-10 21:00:00+00:00,2026-02-11 14:35:00+00:00,LONG,16.0,610.2579184887999,614.8497083598,4.931362063998677,73.46863793600278,overnight_exit
2026-02-11 21:00:00+00:00,2026-02-12 14:35:00+00:00,LONG,16.0,611.7784614632,613.1699550341999,4.936102864001441,22.263897135999287,overnight_exit
2026-02-12 21:00:00+00:00,2026-02-13 14:35:00+00:00,LONG,16.0,599.364028363,598.9220473616999,4.831696020801246,-7.071696020801028,overnight_exit
2026-02-13 21:00:00+00:00,2026-02-17 14:35:00+00:00,LONG,16.0,600.5744605991999,596.9023439583,4.833866254399254,-58.75386625439933,overnight_exit
2026-02-17 21:00:00+00:00,2026-02-18 14:35:00+00:00,LONG,16.0,599.9942534116,600.6018006873,4.839243588799945,9.720756411201364,overnight_exit
2026-02-18 21:00:00+00:00,2026-02-19 14:35:00+00:00,LONG,16.0,604.4858573293999,601.3016979063,4.866550769598689,-50.946550769598616,overnight_exit
2026-02-19 21:00:00+00:00,2026-02-20 14:35:00+00:00,LONG,16.0,602.2950750176,598.6220914107,4.8477377103990875,-58.76773771039916,overnight_exit
2026-02-20 21:00:00+00:00,2026-02-23 14:35:00+00:00,LONG,16.0,607.5769611392,605.111138484,4.893162483200285,-39.453162483199776,overnight_exit
2026-02-23 21:00:00+00:00,2026-02-24 14:35:00+00:00,LONG,16.0,600.2543462888,600.8217683846999,4.841246465601216,9.078753534398857,overnight_exit
2026-02-24 21:00:00+00:00,2026-02-25 14:35:00+00:00,LONG,16.0,606.5866074914,609.5804821538999,4.898005400000329,47.90199459999894,overnight_exit
2026-02-25 21:00:00+00:00,2026-02-26 14:35:00+00:00,LONG,16.0,615.2897153054,614.0498258238,4.958231705599246,-19.838231705600265,overnight_exit
2026-02-26 21:00:00+00:00,2026-02-27 14:35:00+00:00,LONG,16.0,608.0371254604,601.4716729451999,4.887240243200722,-105.0472402432024,overnight_exit
2026-02-27 21:00:00+00:00,2026-03-02 14:35:00+00:00,LONG,16.0,606.2364824644,597.3822734799,4.867343751999215,-141.6673437519985,overnight_exit
2026-03-02 21:00:00+00:00,2026-03-03 14:35:00+00:00,LONG,16.0,606.8667075129999,594.8426464280999,4.8649773584002105,-192.38497735840065,overnight_exit
2026-03-03 21:00:00+00:00,2026-03-04 14:35:00+00:00,LONG,16.0,600.464421305,602.6514996858,4.846745907199875,34.99325409280027,overnight_exit
2026-03-04 21:00:00+00:00,2026-03-05 14:35:00+00:00,LONG,16.0,609.3275862742,605.8710268932,4.904950096000903,-55.30495009600054,overnight_exit
2026-03-05 21:00:00+00:00,2026-03-06 14:35:00+00:00,LONG,16.0,607.6870004334,598.812063513,4.878990726399934,-141.99899072640073,overnight_exit
2026-03-06 21:00:00+00:00,2026-03-09 13:35:00+00:00,LONG,16.0,598.613760448,592.7129591759999,4.8128203520009265,-94.41282035200129,overnight_exit
2026-03-09 20:00:00+00:00,2026-03-10 13:35:00+00:00,LONG,16.0,606.5365896304,606.2609696295,4.889920014400559,-4.409920014400996,overnight_exit
2026-03-10 20:00:00+00:00,2026-03-11 13:35:00+00:00,LONG,16.0,606.4365539084,607.4407963701,4.892120612799772,16.067879387199355,overnight_exit
2026-03-11 20:00:00+00:00,2026-03-12 13:35:00+00:00,LONG,16.0,606.516582486,601.2217096526999,4.877965332800159,-84.7179653328003,overnight_exit
2026-03-12 20:00:00+00:00,2026-03-13 13:35:00+00:00,LONG,16.0,596.1428781146,598.2621442695,4.811741521600197,33.90825847840097,overnight_exit
2026-03-13 20:00:00+00:00,2026-03-16 13:35:00+00:00,LONG,16.0,592.5015778338,598.5421031571,4.791594827200242,96.64840517280027,overnight_exit
2026-03-16 20:00:00+00:00,2026-03-17 13:35:00+00:00,LONG,16.0,599.1139390579999,601.6316494524,4.836633689599694,40.28336631040111,overnight_exit
2026-03-17 20:00:00+00:00,2026-03-18 13:35:00+00:00,LONG,16.0,602.1950392955999,599.9818917219001,4.850361179198444,-35.410361179197935,overnight_exit
2026-03-18 20:00:00+00:00,2026-03-19 13:35:00+00:00,LONG,16.0,593.5919672036,588.0336463404,4.773133811200751,-88.9331338112006,overnight_exit
2026-03-19 20:00:00+00:00,2026-03-20 13:35:00+00:00,LONG,16.0,591.8013277798,589.6234128807,4.766638385599435,-34.84663838559936,overnight_exit
2026-03-20 20:00:00+00:00,2026-03-23 13:35:00+00:00,LONG,17.0,580.9474519428,589.7833893879,4.999063433298943,150.21093656670098,overnight_exit
2026-04-09 20:00:00+00:00,2026-04-10 13:35:00+00:00,LONG,16.0,609.5876791513999,611.0602648455,4.918628894398353,23.56137110560121,overnight_exit
2026-04-10 20:00:00+00:00,2026-04-13 13:35:00+00:00,LONG,16.0,610.568029227,608.7106098959999,4.918709296000088,-29.71870929600118,overnight_exit
2026-04-13 20:00:00+00:00,2026-04-14 13:35:00+00:00,LONG,16.0,616.8602761407999,619.4590314735,4.9799146767982165,41.580085323201274,overnight_exit
2026-04-14 20:00:00+00:00,2026-04-15 13:35:00+00:00,LONG,15.0,628.1042912936,628.2977334963,4.74836695949989,2.9016330404999735,overnight_exit
2026-04-15 20:00:00+00:00,2026-04-16 13:35:00+00:00,LONG,15.0,636.8874276851999,638.4462431717999,4.81776770099998,23.382232298999952,overnight_exit
2026-04-16 20:00:00+00:00,2026-04-17 13:35:00+00:00,LONG,15.0,639.9385172062,644.7253210794,4.847941901999775,71.80205809800043,overnight_exit
2026-04-17 20:00:00+00:00,2026-04-20 13:35:00+00:00,LONG,15.0,648.2514857043999,647.2349525361,4.897997524499829,-15.247997524498942,overnight_exit
2026-04-20 20:00:00+00:00,2026-04-21 13:35:00+00:00,LONG,15.0,646.3207962698,647.604898209,4.8884709120000025,19.261529088000202,overnight_exit
2026-04-21 20:00:00+00:00,2026-04-22 13:35:00+00:00,LONG,15.0,643.8199032198,649.3446427248,4.878907425000989,82.87109257499935,overnight_exit
2026-04-22 20:00:00+00:00,2026-04-23 13:35:00+00:00,LONG,15.0,654.5937504792,652.6741537808999,4.94395047450098,-28.793950474501457,overnight_exit
2026-04-23 20:00:00+00:00,2026-04-24 13:35:00+00:00,LONG,15.0,650.9224394818,657.6934166942999,4.935341812499701,101.56465818749894,overnight_exit
2026-04-24 20:00:00+00:00,2026-04-27 13:35:00+00:00,LONG,15.0,663.436908304,662.5727001639,5.013122101498766,-12.963122101500062,overnight_exit
2026-04-27 20:00:00+00:00,2026-04-28 13:35:00+00:00,LONG,15.0,663.7870333309999,656.6435708658,5.001936977998298,-107.15193697799748,overnight_exit
2026-04-28 20:00:00+00:00,2026-04-29 13:35:00+00:00,LONG,15.0,657.084639957,657.803400543,4.968591210000568,10.78140878999875,overnight_exit
2026-04-29 20:00:00+00:00,2026-04-30 13:35:00+00:00,LONG,15.0,661.1160795536,664.5624079721999,5.005073721000599,51.69492627899899,overnight_exit
2026-04-30 20:00:00+00:00,2026-05-01 13:35:00+00:00,LONG,15.0,667.1082193013999,668.3118573597,5.045429125498799,18.054570874500655,overnight_exit
2026-05-01 20:00:00+00:00,2026-05-04 13:35:00+00:00,LONG,14.0,673.6605590923999,673.8210483263999,4.753150723999852,2.246849276000148,overnight_exit
2026-05-04 20:00:00+00:00,2026-05-05 13:35:00+00:00,LONG,14.0,672.3801018508,677.1305623191,4.753553443799774,66.50644655620067,overnight_exit
2026-05-05 20:00:00+00:00,2026-05-06 13:35:00+00:00,LONG,14.0,681.0231882315999,686.8891292582999,4.816825626199716,82.1231743738008,overnight_exit
2026-05-06 20:00:00+00:00,2026-05-07 13:35:00+00:00,LONG,14.0,695.0582000281998,695.7078342176999,4.905121346999522,9.094878653000478,overnight_exit
2026-05-07 20:00:00+00:00,2026-05-08 13:35:00+00:00,LONG,14.0,694.4179714073999,699.0473438055,4.908786426599818,64.81121357340044,overnight_exit
2026-05-08 20:00:00+00:00,2026-05-11 13:35:00+00:00,LONG,14.0,710.5837440826,709.4558153052,5.011002883599076,-15.791002883600413,overnight_exit
2026-05-11 20:00:00+00:00,2026-05-12 13:35:00+00:00,LONG,14.0,712.854554972,707.3161295214,5.017956308399334,-77.53795630840023,overnight_exit
2026-05-12 20:00:00+00:00,2026-05-13 13:35:00+00:00,LONG,14.0,706.6823509245999,709.0858696323,4.990738092198853,33.64926190780261,overnight_exit
2026-05-13 20:00:00+00:00,2026-05-14 13:35:00+00:00,LONG,14.0,713.9449443418,713.7351868728,5.0366045659998235,-2.936604566000142,overnight_exit
2026-05-14 20:00:00+00:00,2026-05-15 13:35:00+00:00,LONG,13.0,719.1968197468,709.2658432029,4.6926950706991875,-129.10269507069984,overnight_exit
2026-05-15 20:00:00+00:00,2026-05-18 13:35:00+00:00,LONG,14.0,708.3729546264,710.6556391091999,5.002417240800696,31.957582759199113,overnight_exit
2026-05-18 20:00:00+00:00,2026-05-19 13:35:00+00:00,LONG,14.0,705.1818150945999,698.9673555519,4.9624335977991905,-87.00243359779779,overnight_exit
2026-05-19 20:00:00+00:00,2026-05-20 13:35:00+00:00,LONG,14.0,701.0203290594,704.4165553283999,4.9528322340006525,47.54716776599935,overnight_exit
2026-05-20 20:00:00+00:00,2026-05-21 13:35:00+00:00,LONG,14.0,712.5444442337999,708.1060135257,5.018029913400824,-62.138029913399805,overnight_exit
2026-05-21 20:00:00+00:00,2026-05-22 13:35:00+00:00,LONG,14.0,713.9249371973999,717.1846803092999,5.043596433400353,45.63640356659971,overnight_exit
2026-05-22 20:00:00+00:00,2026-05-26 13:35:00+00:00,LONG,14.0,716.8959981408,725.0535247572,5.074627370399867,114.20537262959988,overnight_exit
2026-05-26 20:00:00+00:00,2026-05-27 13:35:00+00:00,LONG,13.0,729.6705598401999,732.0424984155,4.7847985210991055,30.835201478901013,overnight_exit
2026-05-27 20:00:00+00:00,2026-05-28 13:35:00+00:00,LONG,13.0,728.9503026418,728.8229712081,4.775308638099659,-1.655308638101019,overnight_exit
2026-05-28 20:00:00+00:00,2026-05-29 13:35:00+00:00,LONG,13.0,734.9924602506,736.9217818850999,4.818818751499975,25.081181248499433,overnight_exit
2026-05-29 20:00:00+00:00,2026-06-01 13:35:00+00:00,LONG,13.0,737.7034283168,736.1318978808,4.829895667999267,-20.42989566799986,overnight_exit
2026-06-01 20:00:00+00:00,2026-06-02 13:35:00+00:00,LONG,13.0,742.1350108014,741.4711138086,4.86066090640054,-8.630660906400067,overnight_exit
2026-06-02 20:00:00+00:00,2026-06-03 13:35:00+00:00,LONG,13.0,745.5462289215999,746.3803928733,4.885868627898731,10.844131372101742,overnight_exit
2026-06-03 20:00:00+00:00,2026-06-04 13:35:00+00:00,LONG,13.0,743.6855644923999,734.5621284038999,4.854669150499262,-118.60466915049926,overnight_exit
2026-06-04 20:00:00+00:00,2026-06-05 13:35:00+00:00,LONG,13.0,739.9542320618,729.1529227542,4.8270209987996395,-140.41702099880047,overnight_exit
2026-06-05 20:00:00+00:00,2026-06-08 13:35:00+00:00,LONG,14.0,704.7416579178,716.9047214217,4.997110945400664,170.28288905459908,overnight_exit
2026-06-08 20:00:00+00:00,2026-06-09 13:35:00+00:00,LONG,14.0,715.4854944606,722.0839608423,5.061470656199617,92.37852934380089,overnight_exit
2026-06-09 20:00:00+00:00,2026-06-10 13:35:00+00:00,LONG,14.0,707.3525902619999,700.7870883213,4.97702716979893,-91.91702716979944,overnight_exit
2026-06-10 20:00:00+00:00,2026-06-11 13:35:00+00:00,LONG,14.0,693.2075391712,698.4174363083999,4.901440079199801,72.93855992079943,overnight_exit
2026-06-11 20:00:00+00:00,2026-06-12 13:35:00+00:00,LONG,14.0,715.905644493,716.7147493194,5.052532430400788,11.32746756960023,overnight_exit
2026-06-12 20:00:00+00:00,2026-06-15 13:35:00+00:00,LONG,13.0,720.7373698655999,737.1617466458999,4.75310185609942,213.5168981439001,overnight_exit
2026-06-15 20:00:00+00:00,2026-06-16 13:35:00+00:00,LONG,13.0,743.2854216044,741.3211358330999,4.865715026900489,-25.535715026900903,overnight_exit
2026-06-16 20:00:00+00:00,2026-06-17 13:35:00+00:00,LONG,13.0,729.2203990912,734.2721709845999,4.786965385799817,65.67303461419965,overnight_exit
2026-06-17 20:00:00+00:00,2026-06-18 13:35:00+00:00,LONG,14.0,721.9678092462,736.2818758563,5.1230674585995075,200.3969325413998,overnight_exit
2026-06-18 20:00:00+00:00,2026-06-22 13:35:00+00:00,LONG,13.0,739.113931997,741.9110492033999,4.847476316800908,36.36252368319856,overnight_exit
2026-06-22 20:00:00+00:00,2026-06-23 13:35:00+00:00,LONG,13.0,738.2646287172199,715.6349078958,4.79337067845961,-294.1863706784592,overnight_exit
2026-06-23 20:00:00+00:00,2026-06-24 13:35:00+00:00,LONG,14.0,713.9449443418,715.294957818,5.03981133319985,18.900188666799068,overnight_exit
2026-06-24 20:00:00+00:00,2026-06-25 13:35:00+00:00,LONG,14.0,710.8238298154,725.7934161029999,5.045791973600444,209.57420802639854,overnight_exit
2026-06-25 20:00:00+00:00,2026-06-26 13:35:00+00:00,LONG,14.0,716.5158623972,707.0261721021,5.035664131399926,-132.85566413139986,overnight_exit
2026-06-26 20:00:00+00:00,2026-06-29 13:35:00+00:00,LONG,14.0,706.0921401648,713.8851648483,4.9976544309997735,109.10234556899991,overnight_exit
2026-06-29 20:00:00+00:00,2026-06-30 13:35:00+00:00,LONG,13.0,724.208609419,724.0736686505999,4.7442299892007895,-1.754229989202031,overnight_exit
2026-06-30 20:00:00+00:00,2026-07-01 13:35:00+00:00,LONG,13.0,736.0228281871999,729.0729345005999,4.808617925799922,-90.34861792580045,overnight_exit
2026-07-01 20:00:00+00:00,2026-07-02 13:35:00+00:00,LONG,13.0,725.4190416552,725.4534660251999,4.752483190001044,0.4475168099986604,overnight_exit
2026-07-02 20:00:00+00:00,2026-07-02 20:00:00+00:00,LONG,14.0,712.9946049828,712.6353483858,5.029592358000173,-5.029592358000173,eod_flat
